-- phpMyAdmin SQL Dump
-- version 4.8.5
-- https://www.phpmyadmin.net/
--
-- Host: 127.0.0.1
-- Generation Time: May 31, 2019 at 10:22 AM
-- Server version: 10.1.38-MariaDB
-- PHP Version: 7.3.4

SET SQL_MODE = "NO_AUTO_VALUE_ON_ZERO";
SET AUTOCOMMIT = 0;
START TRANSACTION;
SET time_zone = "+00:00";


/*!40101 SET @OLD_CHARACTER_SET_CLIENT=@@CHARACTER_SET_CLIENT */;
/*!40101 SET @OLD_CHARACTER_SET_RESULTS=@@CHARACTER_SET_RESULTS */;
/*!40101 SET @OLD_COLLATION_CONNECTION=@@COLLATION_CONNECTION */;
/*!40101 SET NAMES utf8mb4 */;

--
-- Database: `db_nonasn`
--

-- --------------------------------------------------------

--
-- Table structure for table `jabatan`
--

CREATE TABLE `jabatan` (
  `id_jabatan` int(11) NOT NULL,
  `nama_jabatan` varchar(255) NOT NULL
) ENGINE=InnoDB DEFAULT CHARSET=latin1;

--
-- Dumping data for table `jabatan`
--

INSERT INTO `jabatan` (`id_jabatan`, `nama_jabatan`) VALUES
(2, 'Administrasi Gudang Peta '),
(3, 'Administrasi Kepegawaian'),
(4, 'Analis KSP'),
(5, 'Analis Pemetaan Batas Administrasi'),
(6, 'Asistensi Supervisi Peta Tataruang'),
(7, 'Mekanik/Pengemudi'),
(8, 'Mengolah data yang berhubungan dengan Kebijakan Satu Peta'),
(9, 'Pendamping Kunjungan dan Promosi'),
(10, 'Pendukug Teknis PNBP'),
(11, 'Pendukung  Teknis IT'),
(12, 'Pendukung Administrasi'),
(13, 'Pendukung Administrasi dan Teknis'),
(14, 'Pendukung Administrasi Diklat'),
(15, 'Pendukung Administrasi Kerjasama'),
(16, 'Pendukung Administrasi Keuangan'),
(17, 'Pendukung Administrasi Perpustakaan'),
(18, 'Pendukung Administrasi PHLN'),
(19, 'Pendukung Teknis'),
(20, 'Pendukung Teknis Desain Grafis dan Layouting'),
(21, 'Pendukung Teknis IT'),
(22, 'Pengadministrasi'),
(23, 'Pengadministrasi Keuangan'),
(24, 'Pengadministrasi KPA'),
(25, 'Pengadministrasi Umum'),
(26, 'Pengelola Infrastruktur Pelayanan Terpadu (IT)'),
(27, 'Pengelola Jurnal'),
(28, 'Pengemudi'),
(29, 'Petugas Diesel'),
(30, 'Petugas Layanan Jasa dan Produk Geospasial'),
(31, 'Pramubakti'),
(32, 'Resepsionis'),
(33, 'Surveyor Pemetaan'),
(34, 'Teknisi AC'),
(35, 'Teknisi Air'),
(36, 'Teknisi Listrik'),
(37, 'Teknisi Telepon'),
(38, 'Administrasi Pengawasan'),
(39, 'Administrasi TU Inspektorat'),
(40, 'IT dan Multimedia'),
(41, 'Pendukung  Administrasi dan Teknis'),
(42, 'Pendukung Administrasi dan Keuangan'),
(43, 'Pendukung Administrasi dan Tata Usaha'),
(44, 'Pendukung Administrasi-TU Pusat'),
(45, 'Pendukung Analis Geospasial'),
(46, 'Pendukung Asistensi dan Supervisi'),
(47, 'Pendukung Pengadministrasi dan Tata Usaha'),
(48, 'Pendukung Surveyor Pemetaan'),
(49, 'Pendukung Teknis '),
(50, 'Pendukung Teknis, Pendamping Kunjungan dan Promosi'),
(51, 'Pendukung Teknis, Teknisi Umum'),
(52, 'Pendukung Teknis, GIS KSP'),
(53, 'Pendukung Teknis, Penginderaan Jauh untuk Pertanian'),
(54, 'Pendukung Teknis, Tata Ruang'),
(55, 'Pendukung Teknis, Asistensi Peta RTR'),
(56, 'Pendukung Teknis, Mapping'),
(58, 'Pendukung Teknis, Mofometri'),
(59, 'Pendukung Teknis, Pemetaan Lahan Sawah'),
(60, 'Pendukung Teknis, Pemetaan Skala Menengah'),
(61, 'Pendukung Teknis, Projek Lahan Sawah'),
(62, 'Pendukung Teknis, SKM'),
(63, 'Pendukung Teknis, Supervisi Mapping'),
(64, 'Pendukung Teknis, Teknisi Peralatan'),
(65, 'Pendukung Teknis, Update Data Batas Desa'),
(66, 'Pendukung Teknis, Verifikasi Luas Lahan Baku Sawah'),
(67, 'Pendukung Teknis, Pemutahiran Data Peta'),
(68, 'Teknis Pendukung Asistensi'),
(69, 'Teknis Teknologi Informasi');

-- --------------------------------------------------------

--
-- Table structure for table `tbl_session`
--

CREATE TABLE `tbl_session` (
  `id` varchar(40) NOT NULL,
  `ip_address` varchar(45) NOT NULL,
  `timestamp` int(10) NOT NULL,
  `data` blob NOT NULL
) ENGINE=InnoDB DEFAULT CHARSET=latin1;

--
-- Dumping data for table `tbl_session`
--

INSERT INTO `tbl_session` (`id`, `ip_address`, `timestamp`, `data`) VALUES
('g1dnqlbs5fp9bfcgaqf2ggec55ft0if1', '::1', 1558659943, 0x5f5f63695f6c6173745f726567656e65726174657c693a313535383635393934333b757365725f69647c733a333a22313535223b757365725f6e616d657c733a343a2239303034223b757365725f6e616d617c733a31323a2253616970756c20416e776172223b757365725f746c7c733a363a2242656b617369223b74676c5f7265677c4e3b74676c5f6c616869727c733a31303a22313938372d30342d3032223b656d61696c7c733a32333a2273616970756c616e776172613340676d61696c2e636f6d223b74676c5f6d6173756b7c4e3b6a61626174616e7c733a323a223238223b6e6f5f6b74707c733a31363a2233313735303930323034383730303032223b6167616d617c733a353a2249736c616d223b616c616d61747c733a36313a2250656b61796f6e2052542e3030352f303034204b656c2e2050656b61796f6e204b65632e205061736172205265626f204a616b617274612054696d7572223b6a6b7c733a313a2231223b6e6f5f68707c733a31323a22303835363937303736333436223b),
('ol0hkl5lgahku05vaqu1i96hmd7ik55h', '::1', 1558660367, 0x5f5f63695f6c6173745f726567656e65726174657c693a313535383636303336373b757365725f69647c733a333a22313535223b757365725f6e616d657c733a343a2239303034223b757365725f6e616d617c733a31323a2253616970756c20416e776172223b757365725f746c7c733a363a2242656b617369223b74676c5f7265677c4e3b74676c5f6c616869727c733a31303a22313938372d30342d3032223b656d61696c7c733a32333a2273616970756c616e776172613340676d61696c2e636f6d223b74676c5f6d6173756b7c4e3b6a61626174616e7c733a323a223238223b6e6f5f6b74707c733a31363a2233313735303930323034383730303032223b6167616d617c733a353a2249736c616d223b616c616d61747c733a36313a2250656b61796f6e2052542e3030352f303034204b656c2e2050656b61796f6e204b65632e205061736172205265626f204a616b617274612054696d7572223b6a6b7c733a313a2231223b6e6f5f68707c733a31323a22303835363937303736333436223b),
('tutna6rfh22bb98jvnuf1lkrpek31mlh', '::1', 1558660709, 0x5f5f63695f6c6173745f726567656e65726174657c693a313535383636303730393b757365725f69647c733a333a22313535223b757365725f6e616d657c733a343a2239303034223b757365725f6e616d617c733a31323a2253616970756c20416e776172223b757365725f746c7c733a363a2242656b617369223b74676c5f7265677c4e3b74676c5f6c616869727c733a31303a22313938372d30342d3032223b656d61696c7c733a32333a2273616970756c616e776172613340676d61696c2e636f6d223b74676c5f6d6173756b7c4e3b6a61626174616e7c733a323a223238223b6e6f5f6b74707c733a31363a2233313735303930323034383730303032223b6167616d617c733a353a2249736c616d223b616c616d61747c733a36313a2250656b61796f6e2052542e3030352f303034204b656c2e2050656b61796f6e204b65632e205061736172205265626f204a616b617274612054696d7572223b6a6b7c733a313a2231223b6e6f5f68707c733a31323a22303835363937303736333436223b),
('kr1kkatmokqtmlldhp9eafvem9gvdijb', '::1', 1558662749, 0x5f5f63695f6c6173745f726567656e65726174657c693a313535383636323734393b757365725f69647c733a333a22313535223b757365725f6e616d657c733a343a2239303034223b757365725f6e616d617c733a31323a2253616970756c20416e776172223b757365725f746c7c733a363a2242656b617369223b74676c5f7265677c4e3b74676c5f6c616869727c733a31303a22313938372d30342d3032223b656d61696c7c733a32333a2273616970756c616e776172613340676d61696c2e636f6d223b74676c5f6d6173756b7c4e3b6a61626174616e7c733a323a223238223b6e6f5f6b74707c733a31363a2233313735303930323034383730303032223b6167616d617c733a353a2249736c616d223b616c616d61747c733a36313a2250656b61796f6e2052542e3030352f303034204b656c2e2050656b61796f6e204b65632e205061736172205265626f204a616b617274612054696d7572223b6a6b7c733a313a2231223b6e6f5f68707c733a31323a22303835363937303736333436223b),
('0867smahfognjb776cv886lhoosmdilu', '::1', 1558663096, 0x5f5f63695f6c6173745f726567656e65726174657c693a313535383636333039363b757365725f69647c733a333a22313535223b757365725f6e616d657c733a343a2239303034223b757365725f6e616d617c733a31323a2253616970756c20416e776172223b757365725f746c7c733a363a2242656b617369223b74676c5f7265677c4e3b74676c5f6c616869727c733a31303a22313938372d30342d3032223b656d61696c7c733a32333a2273616970756c616e776172613340676d61696c2e636f6d223b74676c5f6d6173756b7c4e3b6a61626174616e7c733a323a223238223b6e6f5f6b74707c733a31363a2233313735303930323034383730303032223b6167616d617c733a353a2249736c616d223b616c616d61747c733a36313a2250656b61796f6e2052542e3030352f303034204b656c2e2050656b61796f6e204b65632e205061736172205265626f204a616b617274612054696d7572223b6a6b7c733a313a2231223b6e6f5f68707c733a31323a22303835363937303736333436223b),
('6k1cverplfc7l4g396d7a171f28ia250', '::1', 1558663564, 0x5f5f63695f6c6173745f726567656e65726174657c693a313535383636333536343b757365725f69647c733a333a22313535223b757365725f6e616d657c733a343a2239303034223b757365725f6e616d617c733a31323a2253616970756c20416e776172223b757365725f746c7c733a363a2242656b617369223b74676c5f7265677c4e3b74676c5f6c616869727c733a31303a22313938372d30342d3032223b656d61696c7c733a32333a2273616970756c616e776172613340676d61696c2e636f6d223b74676c5f6d6173756b7c4e3b6a61626174616e7c733a323a223238223b6e6f5f6b74707c733a31363a2233313735303930323034383730303032223b6167616d617c733a353a2249736c616d223b616c616d61747c733a36313a2250656b61796f6e2052542e3030352f303034204b656c2e2050656b61796f6e204b65632e205061736172205265626f204a616b617274612054696d7572223b6a6b7c733a313a2231223b6e6f5f68707c733a31323a22303835363937303736333436223b),
('pfsdg8hj9eimrbitv6re05u0bfkshpbd', '::1', 1558664053, 0x5f5f63695f6c6173745f726567656e65726174657c693a313535383636343035333b757365725f69647c733a333a22313535223b757365725f6e616d657c733a343a2239303034223b757365725f6e616d617c733a31323a2253616970756c20416e776172223b757365725f746c7c733a363a2242656b617369223b74676c5f7265677c4e3b74676c5f6c616869727c733a31303a22313938372d30342d3032223b656d61696c7c733a32333a2273616970756c616e776172613340676d61696c2e636f6d223b74676c5f6d6173756b7c4e3b6a61626174616e7c733a323a223238223b6e6f5f6b74707c733a31363a2233313735303930323034383730303032223b6167616d617c733a353a2249736c616d223b616c616d61747c733a36313a2250656b61796f6e2052542e3030352f303034204b656c2e2050656b61796f6e204b65632e205061736172205265626f204a616b617274612054696d7572223b6a6b7c733a313a2231223b6e6f5f68707c733a31323a22303835363937303736333436223b),
('f6m3u5gl93j553gtqkekvc6lne5v62tk', '::1', 1558664660, 0x5f5f63695f6c6173745f726567656e65726174657c693a313535383636343636303b757365725f69647c733a333a22313535223b757365725f6e616d657c733a343a2239303034223b757365725f6e616d617c733a31323a2253616970756c20416e776172223b757365725f746c7c733a363a2242656b617369223b74676c5f7265677c4e3b74676c5f6c616869727c733a31303a22313938372d30342d3032223b656d61696c7c733a32333a2273616970756c616e776172613340676d61696c2e636f6d223b74676c5f6d6173756b7c4e3b6a61626174616e7c733a323a223238223b6e6f5f6b74707c733a31363a2233313735303930323034383730303032223b6167616d617c733a353a2249736c616d223b616c616d61747c733a36313a2250656b61796f6e2052542e3030352f303034204b656c2e2050656b61796f6e204b65632e205061736172205265626f204a616b617274612054696d7572223b6a6b7c733a313a2231223b6e6f5f68707c733a31323a22303835363937303736333436223b),
('ub7lujo75inbegtjqc2e0nq46h12m05i', '::1', 1558665485, 0x5f5f63695f6c6173745f726567656e65726174657c693a313535383636353438353b757365725f69647c733a333a22313535223b757365725f6e616d657c733a343a2239303034223b757365725f6e616d617c733a31323a2253616970756c20416e776172223b757365725f746c7c733a363a2242656b617369223b74676c5f7265677c4e3b74676c5f6c616869727c733a31303a22313938372d30342d3032223b656d61696c7c733a32333a2273616970756c616e776172613340676d61696c2e636f6d223b74676c5f6d6173756b7c4e3b6a61626174616e7c733a323a223238223b6e6f5f6b74707c733a31363a2233313735303930323034383730303032223b6167616d617c733a353a2249736c616d223b616c616d61747c733a36313a2250656b61796f6e2052542e3030352f303034204b656c2e2050656b61796f6e204b65632e205061736172205265626f204a616b617274612054696d7572223b6a6b7c733a313a2231223b6e6f5f68707c733a31323a22303835363937303736333436223b),
('qi61limhio9bv9hlkang94mde4gm75be', '::1', 1558665486, 0x5f5f63695f6c6173745f726567656e65726174657c693a313535383636353438353b757365725f69647c733a333a22313535223b757365725f6e616d657c733a343a2239303034223b757365725f6e616d617c733a31323a2253616970756c20416e776172223b757365725f746c7c733a363a2242656b617369223b74676c5f7265677c4e3b74676c5f6c616869727c733a31303a22313938372d30342d3032223b656d61696c7c733a32333a2273616970756c616e776172613340676d61696c2e636f6d223b74676c5f6d6173756b7c4e3b6a61626174616e7c733a323a223238223b6e6f5f6b74707c733a31363a2233313735303930323034383730303032223b6167616d617c733a353a2249736c616d223b616c616d61747c733a36313a2250656b61796f6e2052542e3030352f303034204b656c2e2050656b61796f6e204b65632e205061736172205265626f204a616b617274612054696d7572223b6a6b7c733a313a2231223b6e6f5f68707c733a31323a22303835363937303736333436223b),
('6dqpr8m24fr9ktrvm05t2rgn5jb90r2k', '::1', 1558679414, 0x5f5f63695f6c6173745f726567656e65726174657c693a313535383637393431343b),
('fhn61ekp3nd0gm26oa1bap5rk8958dja', '::1', 1558679940, 0x5f5f63695f6c6173745f726567656e65726174657c693a313535383637393934303b),
('bcbpj9tk0jta0jru16rejqnqq49tqc7c', '::1', 1558680730, 0x5f5f63695f6c6173745f726567656e65726174657c693a313535383638303733303b),
('vel1lelo2h9c0hn2kp3l90eckjoj76ke', '::1', 1558681130, 0x5f5f63695f6c6173745f726567656e65726174657c693a313535383638313133303b),
('g3pj06nk087e14c3i9olahi052an6h52', '::1', 1558681547, 0x5f5f63695f6c6173745f726567656e65726174657c693a313535383638313534373b),
('7becupggu5s43oqcr7v7pb3inud5kanm', '::1', 1558681939, 0x5f5f63695f6c6173745f726567656e65726174657c693a313535383638313933393b),
('pom8qqi5di0h295h1ijeqfn68rijm89t', '::1', 1558682320, 0x5f5f63695f6c6173745f726567656e65726174657c693a313535383638323332303b),
('bp72lisjmfs01a816bu507rqlgg9suvm', '::1', 1558683901, 0x5f5f63695f6c6173745f726567656e65726174657c693a313535383638333930313b),
('0pmqsjmckumadievmu914ctfhi3fethb', '::1', 1558684216, 0x5f5f63695f6c6173745f726567656e65726174657c693a313535383638343231363b),
('ge5j852kg3c4hk9ud6tncd1ld8752lad', '::1', 1558685359, 0x5f5f63695f6c6173745f726567656e65726174657c693a313535383638353335393b),
('uij4gh0mbo1htarr7ig820u1fe5uu1g3', '::1', 1558686940, 0x5f5f63695f6c6173745f726567656e65726174657c693a313535383638363934303b),
('g9vap94j0sm5lc5olke81gal7360jr3r', '::1', 1558689377, 0x5f5f63695f6c6173745f726567656e65726174657c693a313535383638393337373b757365725f69647c733a333a22313535223b757365725f6e616d657c733a343a2239303034223b757365725f6e616d617c733a31323a2253616970756c20416e776172223b757365725f746c7c733a363a2242656b617369223b74676c5f7265677c4e3b74676c5f6c616869727c733a31303a22313938372d30342d3032223b656d61696c7c733a32333a2273616970756c616e776172613340676d61696c2e636f6d223b74676c5f6d6173756b7c4e3b6a61626174616e7c733a323a223238223b6e6f5f6b74707c733a31363a2233313735303930323034383730303032223b6167616d617c733a353a2249736c616d223b616c616d61747c733a36313a2250656b61796f6e2052542e3030352f303034204b656c2e2050656b61796f6e204b65632e205061736172205265626f204a616b617274612054696d7572223b6a6b7c733a313a2231223b6e6f5f68707c733a31323a22303835363937303736333436223b),
('oldakd7nhtjvfjcl7eg34drvmbhm841b', '::1', 1558690956, 0x5f5f63695f6c6173745f726567656e65726174657c693a313535383639303935363b757365725f69647c733a333a22313535223b757365725f6e616d657c733a343a2239303034223b757365725f6e616d617c733a31323a2253616970756c20416e776172223b757365725f746c7c733a363a2242656b617369223b74676c5f7265677c4e3b74676c5f6c616869727c733a31303a22313938372d30342d3032223b656d61696c7c733a32333a2273616970756c616e776172613340676d61696c2e636f6d223b74676c5f6d6173756b7c4e3b6a61626174616e7c733a323a223238223b6e6f5f6b74707c733a31363a2233313735303930323034383730303032223b6167616d617c733a353a2249736c616d223b616c616d61747c733a36313a2250656b61796f6e2052542e3030352f303034204b656c2e2050656b61796f6e204b65632e205061736172205265626f204a616b617274612054696d7572223b6a6b7c733a313a2231223b6e6f5f68707c733a31323a22303835363937303736333436223b),
('kp1io0nahsf44lu13r1qj0osnvkop6ln', '::1', 1558696928, 0x5f5f63695f6c6173745f726567656e65726174657c693a313535383639363932383b757365725f69647c733a333a22313535223b757365725f6e616d657c733a343a2239303034223b757365725f6e616d617c733a31323a2253616970756c20416e776172223b757365725f746c7c733a363a2242656b617369223b74676c5f7265677c4e3b74676c5f6c616869727c733a31303a22313938372d30342d3032223b656d61696c7c733a32333a2273616970756c616e776172613340676d61696c2e636f6d223b74676c5f6d6173756b7c4e3b6a61626174616e7c733a323a223238223b6e6f5f6b74707c733a31363a2233313735303930323034383730303032223b6167616d617c733a353a2249736c616d223b616c616d61747c733a36313a2250656b61796f6e2052542e3030352f303034204b656c2e2050656b61796f6e204b65632e205061736172205265626f204a616b617274612054696d7572223b6a6b7c733a313a2231223b6e6f5f68707c733a31323a22303835363937303736333436223b),
('rug99k1nuuj7ml7ugbgqoatquvsr9838', '::1', 1558697176, 0x5f5f63695f6c6173745f726567656e65726174657c693a313535383639363932383b757365725f69647c733a333a22313535223b757365725f6e616d657c733a343a2239303034223b757365725f6e616d617c733a31323a2253616970756c20416e776172223b757365725f746c7c733a363a2242656b617369223b74676c5f7265677c4e3b74676c5f6c616869727c733a31303a22313938372d30342d3032223b656d61696c7c733a32333a2273616970756c616e776172613340676d61696c2e636f6d223b74676c5f6d6173756b7c4e3b6a61626174616e7c733a323a223238223b6e6f5f6b74707c733a31363a2233313735303930323034383730303032223b6167616d617c733a353a2249736c616d223b616c616d61747c733a36313a2250656b61796f6e2052542e3030352f303034204b656c2e2050656b61796f6e204b65632e205061736172205265626f204a616b617274612054696d7572223b6a6b7c733a313a2231223b6e6f5f68707c733a31323a22303835363937303736333436223b),
('120gu5jaqigcs4j57nfc5j9agt0kjs1f', '::1', 1558707073, 0x5f5f63695f6c6173745f726567656e65726174657c693a313535383730373037333b),
('veol467b3di5g9nhl0q69riu51vbqi8r', '::1', 1558709688, 0x5f5f63695f6c6173745f726567656e65726174657c693a313535383730393638383b),
('coda2bp5siob2eq414jbndhuib2laune', '::1', 1558710634, 0x5f5f63695f6c6173745f726567656e65726174657c693a313535383731303633343b),
('enb0mjdnjdfhemtgtb03gi9reagb53ht', '::1', 1558711491, 0x5f5f63695f6c6173745f726567656e65726174657c693a313535383731313439313b),
('j3grfqj6gl059opo9du9oeo19vjj75t4', '::1', 1558711801, 0x5f5f63695f6c6173745f726567656e65726174657c693a313535383731313830313b),
('n9t3tc3m3pimd8rv7u5s981if6tqcckc', '::1', 1558713556, 0x5f5f63695f6c6173745f726567656e65726174657c693a313535383731333535363b757365725f69647c733a333a22313535223b757365725f6e616d657c733a343a2239303034223b757365725f6e616d617c733a31323a2253616970756c20416e776172223b757365725f746c7c733a363a2242656b617369223b74676c5f7265677c4e3b74676c5f6c616869727c733a31303a22313938372d30342d3032223b656d61696c7c733a32333a2273616970756c616e776172613340676d61696c2e636f6d223b74676c5f6d6173756b7c4e3b6a61626174616e7c733a323a223238223b6e6f5f6b74707c733a31363a2233313735303930323034383730303032223b6167616d617c733a353a2249736c616d223b616c616d61747c733a36313a2250656b61796f6e2052542e3030352f303034204b656c2e2050656b61796f6e204b65632e205061736172205265626f204a616b617274612054696d7572223b6a6b7c733a313a2231223b6e6f5f68707c733a31323a22303835363937303736333436223b),
('k2tl6spa9lecjl2a7uu7qo9uklqj9lnk', '::1', 1558714041, 0x5f5f63695f6c6173745f726567656e65726174657c693a313535383731343034313b757365725f69647c733a333a22313535223b757365725f6e616d657c733a343a2239303034223b757365725f6e616d617c733a31323a2253616970756c20416e776172223b757365725f746c7c733a363a2242656b617369223b74676c5f7265677c4e3b74676c5f6c616869727c733a31303a22313938372d30342d3032223b656d61696c7c733a32333a2273616970756c616e776172613340676d61696c2e636f6d223b74676c5f6d6173756b7c4e3b6a61626174616e7c733a323a223238223b6e6f5f6b74707c733a31363a2233313735303930323034383730303032223b6167616d617c733a353a2249736c616d223b616c616d61747c733a36313a2250656b61796f6e2052542e3030352f303034204b656c2e2050656b61796f6e204b65632e205061736172205265626f204a616b617274612054696d7572223b6a6b7c733a313a2231223b6e6f5f68707c733a31323a22303835363937303736333436223b),
('l94jqqjt8op3887lfqn49c6noha3nee1', '::1', 1558714809, 0x5f5f63695f6c6173745f726567656e65726174657c693a313535383731343830393b757365725f69647c733a333a22313535223b757365725f6e616d657c733a343a2239303034223b757365725f6e616d617c733a31323a2253616970756c20416e776172223b757365725f746c7c733a363a2242656b617369223b74676c5f7265677c4e3b74676c5f6c616869727c733a31303a22313938372d30342d3032223b656d61696c7c733a32333a2273616970756c616e776172613340676d61696c2e636f6d223b74676c5f6d6173756b7c4e3b6a61626174616e7c733a323a223238223b6e6f5f6b74707c733a31363a2233313735303930323034383730303032223b6167616d617c733a353a2249736c616d223b616c616d61747c733a36313a2250656b61796f6e2052542e3030352f303034204b656c2e2050656b61796f6e204b65632e205061736172205265626f204a616b617274612054696d7572223b6a6b7c733a313a2231223b6e6f5f68707c733a31323a22303835363937303736333436223b),
('ll5gnchm2b7vm17ctdit4iqoii5oac2e', '::1', 1558715166, 0x5f5f63695f6c6173745f726567656e65726174657c693a313535383731353136363b757365725f69647c733a333a22313535223b757365725f6e616d657c733a343a2239303034223b757365725f6e616d617c733a31323a2253616970756c20416e776172223b757365725f746c7c733a363a2242656b617369223b74676c5f7265677c4e3b74676c5f6c616869727c733a31303a22313938372d30342d3032223b656d61696c7c733a32333a2273616970756c616e776172613340676d61696c2e636f6d223b74676c5f6d6173756b7c4e3b6a61626174616e7c733a323a223238223b6e6f5f6b74707c733a31363a2233313735303930323034383730303032223b6167616d617c733a353a2249736c616d223b616c616d61747c733a36313a2250656b61796f6e2052542e3030352f303034204b656c2e2050656b61796f6e204b65632e205061736172205265626f204a616b617274612054696d7572223b6a6b7c733a313a2231223b6e6f5f68707c733a31323a22303835363937303736333436223b),
('pg7h0apv64i1g31po2vnote2g644s219', '::1', 1558715485, 0x5f5f63695f6c6173745f726567656e65726174657c693a313535383731353438353b757365725f69647c733a333a22313535223b757365725f6e616d657c733a343a2239303034223b757365725f6e616d617c733a31323a2253616970756c20416e776172223b757365725f746c7c733a363a2242656b617369223b74676c5f7265677c4e3b74676c5f6c616869727c733a31303a22313938372d30342d3032223b656d61696c7c733a32333a2273616970756c616e776172613340676d61696c2e636f6d223b74676c5f6d6173756b7c4e3b6a61626174616e7c733a323a223238223b6e6f5f6b74707c733a31363a2233313735303930323034383730303032223b6167616d617c733a353a2249736c616d223b616c616d61747c733a36313a2250656b61796f6e2052542e3030352f303034204b656c2e2050656b61796f6e204b65632e205061736172205265626f204a616b617274612054696d7572223b6a6b7c733a313a2231223b6e6f5f68707c733a31323a22303835363937303736333436223b),
('ejvfqkoalh88upq5h5e35266jlsrp47g', '::1', 1558715840, 0x5f5f63695f6c6173745f726567656e65726174657c693a313535383731353834303b757365725f69647c733a333a22313535223b757365725f6e616d657c733a343a2239303034223b757365725f6e616d617c733a31323a2253616970756c20416e776172223b757365725f746c7c733a363a2242656b617369223b74676c5f7265677c4e3b74676c5f6c616869727c733a31303a22313938372d30342d3032223b656d61696c7c733a32333a2273616970756c616e776172613340676d61696c2e636f6d223b74676c5f6d6173756b7c4e3b6a61626174616e7c733a323a223238223b6e6f5f6b74707c733a31363a2233313735303930323034383730303032223b6167616d617c733a353a2249736c616d223b616c616d61747c733a36313a2250656b61796f6e2052542e3030352f303034204b656c2e2050656b61796f6e204b65632e205061736172205265626f204a616b617274612054696d7572223b6a6b7c733a313a2231223b6e6f5f68707c733a31323a22303835363937303736333436223b),
('cvlt7p0oojdfejiqpufg0ljjtj58ckrk', '::1', 1558716155, 0x5f5f63695f6c6173745f726567656e65726174657c693a313535383731363135353b757365725f69647c733a333a22313535223b757365725f6e616d657c733a343a2239303034223b757365725f6e616d617c733a31323a2253616970756c20416e776172223b757365725f746c7c733a363a2242656b617369223b74676c5f7265677c4e3b74676c5f6c616869727c733a31303a22313938372d30342d3032223b656d61696c7c733a32333a2273616970756c616e776172613340676d61696c2e636f6d223b74676c5f6d6173756b7c4e3b6a61626174616e7c733a323a223238223b6e6f5f6b74707c733a31363a2233313735303930323034383730303032223b6167616d617c733a353a2249736c616d223b616c616d61747c733a36313a2250656b61796f6e2052542e3030352f303034204b656c2e2050656b61796f6e204b65632e205061736172205265626f204a616b617274612054696d7572223b6a6b7c733a313a2231223b6e6f5f68707c733a31323a22303835363937303736333436223b),
('36g2prf5n13dhvnn3fp51hpsh9qpkqre', '::1', 1558716479, 0x5f5f63695f6c6173745f726567656e65726174657c693a313535383731363437393b757365725f69647c733a333a22313535223b757365725f6e616d657c733a343a2239303034223b757365725f6e616d617c733a31323a2253616970756c20416e776172223b757365725f746c7c733a363a2242656b617369223b74676c5f7265677c4e3b74676c5f6c616869727c733a31303a22313938372d30342d3032223b656d61696c7c733a32333a2273616970756c616e776172613340676d61696c2e636f6d223b74676c5f6d6173756b7c4e3b6a61626174616e7c733a323a223238223b6e6f5f6b74707c733a31363a2233313735303930323034383730303032223b6167616d617c733a353a2249736c616d223b616c616d61747c733a36313a2250656b61796f6e2052542e3030352f303034204b656c2e2050656b61796f6e204b65632e205061736172205265626f204a616b617274612054696d7572223b6a6b7c733a313a2231223b6e6f5f68707c733a31323a22303835363937303736333436223b),
('b5b6otoifihc0gm3gjeop97l88umsriv', '::1', 1558717159, 0x5f5f63695f6c6173745f726567656e65726174657c693a313535383731373135393b757365725f69647c733a333a22313535223b757365725f6e616d657c733a343a2239303034223b757365725f6e616d617c733a31323a2253616970756c20416e776172223b757365725f746c7c733a363a2242656b617369223b74676c5f7265677c4e3b74676c5f6c616869727c733a31303a22313938372d30342d3032223b656d61696c7c733a32333a2273616970756c616e776172613340676d61696c2e636f6d223b74676c5f6d6173756b7c4e3b6a61626174616e7c733a323a223238223b6e6f5f6b74707c733a31363a2233313735303930323034383730303032223b6167616d617c733a353a2249736c616d223b616c616d61747c733a36313a2250656b61796f6e2052542e3030352f303034204b656c2e2050656b61796f6e204b65632e205061736172205265626f204a616b617274612054696d7572223b6a6b7c733a313a2231223b6e6f5f68707c733a31323a22303835363937303736333436223b),
('3dv3oiolgiuossklanhgcarqsua01un5', '::1', 1558717461, 0x5f5f63695f6c6173745f726567656e65726174657c693a313535383731373436313b757365725f69647c733a333a22313535223b757365725f6e616d657c733a343a2239303034223b757365725f6e616d617c733a31323a2253616970756c20416e776172223b757365725f746c7c733a363a2242656b617369223b74676c5f7265677c4e3b74676c5f6c616869727c733a31303a22313938372d30342d3032223b656d61696c7c733a32333a2273616970756c616e776172613340676d61696c2e636f6d223b74676c5f6d6173756b7c4e3b6a61626174616e7c733a323a223238223b6e6f5f6b74707c733a31363a2233313735303930323034383730303032223b6167616d617c733a353a2249736c616d223b616c616d61747c733a36313a2250656b61796f6e2052542e3030352f303034204b656c2e2050656b61796f6e204b65632e205061736172205265626f204a616b617274612054696d7572223b6a6b7c733a313a2231223b6e6f5f68707c733a31323a22303835363937303736333436223b),
('liqkf4j2esjusl28hp5313ej5rh580h1', '::1', 1558718162, 0x5f5f63695f6c6173745f726567656e65726174657c693a313535383731383136323b757365725f69647c733a333a22313535223b757365725f6e616d657c733a343a2239303034223b757365725f6e616d617c733a31323a2253616970756c20416e776172223b757365725f746c7c733a363a2242656b617369223b74676c5f7265677c4e3b74676c5f6c616869727c733a31303a22313938372d30342d3032223b656d61696c7c733a32333a2273616970756c616e776172613340676d61696c2e636f6d223b74676c5f6d6173756b7c4e3b6a61626174616e7c733a323a223238223b6e6f5f6b74707c733a31363a2233313735303930323034383730303032223b6167616d617c733a353a2249736c616d223b616c616d61747c733a36313a2250656b61796f6e2052542e3030352f303034204b656c2e2050656b61796f6e204b65632e205061736172205265626f204a616b617274612054696d7572223b6a6b7c733a313a2231223b6e6f5f68707c733a31323a22303835363937303736333436223b),
('8ganni6o57377mn94t3tfu6o2tca32h2', '::1', 1558718496, 0x5f5f63695f6c6173745f726567656e65726174657c693a313535383731383439363b757365725f69647c733a333a22313535223b757365725f6e616d657c733a343a2239303034223b757365725f6e616d617c733a31323a2253616970756c20416e776172223b757365725f746c7c733a363a2242656b617369223b74676c5f7265677c4e3b74676c5f6c616869727c733a31303a22313938372d30342d3032223b656d61696c7c733a32333a2273616970756c616e776172613340676d61696c2e636f6d223b74676c5f6d6173756b7c4e3b6a61626174616e7c733a323a223238223b6e6f5f6b74707c733a31363a2233313735303930323034383730303032223b6167616d617c733a353a2249736c616d223b616c616d61747c733a36313a2250656b61796f6e2052542e3030352f303034204b656c2e2050656b61796f6e204b65632e205061736172205265626f204a616b617274612054696d7572223b6a6b7c733a313a2231223b6e6f5f68707c733a31323a22303835363937303736333436223b),
('v998lsu15brsju3hs00ghts5a334t0mi', '::1', 1558718832, 0x5f5f63695f6c6173745f726567656e65726174657c693a313535383731383833323b757365725f69647c733a333a22313535223b757365725f6e616d657c733a343a2239303034223b757365725f6e616d617c733a31323a2253616970756c20416e776172223b757365725f746c7c733a363a2242656b617369223b74676c5f7265677c4e3b74676c5f6c616869727c733a31303a22313938372d30342d3032223b656d61696c7c733a32333a2273616970756c616e776172613340676d61696c2e636f6d223b74676c5f6d6173756b7c4e3b6a61626174616e7c733a323a223238223b6e6f5f6b74707c733a31363a2233313735303930323034383730303032223b6167616d617c733a353a2249736c616d223b616c616d61747c733a36313a2250656b61796f6e2052542e3030352f303034204b656c2e2050656b61796f6e204b65632e205061736172205265626f204a616b617274612054696d7572223b6a6b7c733a313a2231223b6e6f5f68707c733a31323a22303835363937303736333436223b),
('vpe6n8oaa7cru4r2e2ctfvj0chea4sed', '::1', 1558719158, 0x5f5f63695f6c6173745f726567656e65726174657c693a313535383731393135383b757365725f69647c733a333a22313535223b757365725f6e616d657c733a343a2239303034223b757365725f6e616d617c733a31323a2253616970756c20416e776172223b757365725f746c7c733a363a2242656b617369223b74676c5f7265677c4e3b74676c5f6c616869727c733a31303a22313938372d30342d3032223b656d61696c7c733a32333a2273616970756c616e776172613340676d61696c2e636f6d223b74676c5f6d6173756b7c4e3b6a61626174616e7c733a323a223238223b6e6f5f6b74707c733a31363a2233313735303930323034383730303032223b6167616d617c733a353a2249736c616d223b616c616d61747c733a36313a2250656b61796f6e2052542e3030352f303034204b656c2e2050656b61796f6e204b65632e205061736172205265626f204a616b617274612054696d7572223b6a6b7c733a313a2231223b6e6f5f68707c733a31323a22303835363937303736333436223b),
('ej32gpj07e3icuprilnnb1h95qlcrr30', '::1', 1558719799, 0x5f5f63695f6c6173745f726567656e65726174657c693a313535383731393739393b757365725f69647c733a333a22313535223b757365725f6e616d657c733a343a2239303034223b757365725f6e616d617c733a31323a2253616970756c20416e776172223b757365725f746c7c733a363a2242656b617369223b74676c5f7265677c4e3b74676c5f6c616869727c733a31303a22313938372d30342d3032223b656d61696c7c733a32333a2273616970756c616e776172613340676d61696c2e636f6d223b74676c5f6d6173756b7c4e3b6a61626174616e7c733a323a223238223b6e6f5f6b74707c733a31363a2233313735303930323034383730303032223b6167616d617c733a353a2249736c616d223b616c616d61747c733a36313a2250656b61796f6e2052542e3030352f303034204b656c2e2050656b61796f6e204b65632e205061736172205265626f204a616b617274612054696d7572223b6a6b7c733a313a2231223b6e6f5f68707c733a31323a22303835363937303736333436223b),
('7c2f7qcnbmaoidbg0q3jrtcr4d3fghtl', '::1', 1558720867, 0x5f5f63695f6c6173745f726567656e65726174657c693a313535383732303836373b757365725f69647c733a333a22313535223b757365725f6e616d657c733a343a2239303034223b757365725f6e616d617c733a31323a2253616970756c20416e776172223b757365725f746c7c733a363a2242656b617369223b74676c5f7265677c4e3b74676c5f6c616869727c733a31303a22313938372d30342d3032223b656d61696c7c733a32333a2273616970756c616e776172613340676d61696c2e636f6d223b74676c5f6d6173756b7c4e3b6a61626174616e7c733a323a223238223b6e6f5f6b74707c733a31363a2233313735303930323034383730303032223b6167616d617c733a353a2249736c616d223b616c616d61747c733a36313a2250656b61796f6e2052542e3030352f303034204b656c2e2050656b61796f6e204b65632e205061736172205265626f204a616b617274612054696d7572223b6a6b7c733a313a2231223b6e6f5f68707c733a31323a22303835363937303736333436223b),
('33h7fk2c7ag8s01q53bmgu1ooboi14d8', '::1', 1558722454, 0x5f5f63695f6c6173745f726567656e65726174657c693a313535383732323435343b757365725f69647c733a333a22313535223b757365725f6e616d657c733a343a2239303034223b757365725f6e616d617c733a31323a2253616970756c20416e776172223b757365725f746c7c733a363a2242656b617369223b74676c5f7265677c4e3b74676c5f6c616869727c733a31303a22313938372d30342d3032223b656d61696c7c733a32333a2273616970756c616e776172613340676d61696c2e636f6d223b74676c5f6d6173756b7c4e3b6a61626174616e7c733a323a223238223b6e6f5f6b74707c733a31363a2233313735303930323034383730303032223b6167616d617c733a353a2249736c616d223b616c616d61747c733a36313a2250656b61796f6e2052542e3030352f303034204b656c2e2050656b61796f6e204b65632e205061736172205265626f204a616b617274612054696d7572223b6a6b7c733a313a2231223b6e6f5f68707c733a31323a22303835363937303736333436223b),
('ufthk9b96m816ks60vv8cu3fel8ds8lo', '::1', 1558722828, 0x5f5f63695f6c6173745f726567656e65726174657c693a313535383732323832383b757365725f69647c733a333a22313535223b757365725f6e616d657c733a343a2239303034223b757365725f6e616d617c733a31323a2253616970756c20416e776172223b757365725f746c7c733a363a2242656b617369223b74676c5f7265677c4e3b74676c5f6c616869727c733a31303a22313938372d30342d3032223b656d61696c7c733a32333a2273616970756c616e776172613340676d61696c2e636f6d223b74676c5f6d6173756b7c4e3b6a61626174616e7c733a323a223238223b6e6f5f6b74707c733a31363a2233313735303930323034383730303032223b6167616d617c733a353a2249736c616d223b616c616d61747c733a36313a2250656b61796f6e2052542e3030352f303034204b656c2e2050656b61796f6e204b65632e205061736172205265626f204a616b617274612054696d7572223b6a6b7c733a313a2231223b6e6f5f68707c733a31323a22303835363937303736333436223b),
('ci6aok2kluum2l015e075g2rbod5l9ut', '::1', 1558723239, 0x5f5f63695f6c6173745f726567656e65726174657c693a313535383732333233393b757365725f69647c733a333a22313535223b757365725f6e616d657c733a343a2239303034223b757365725f6e616d617c733a31323a2253616970756c20416e776172223b757365725f746c7c733a363a2242656b617369223b74676c5f7265677c4e3b74676c5f6c616869727c733a31303a22313938372d30342d3032223b656d61696c7c733a32333a2273616970756c616e776172613340676d61696c2e636f6d223b74676c5f6d6173756b7c4e3b6a61626174616e7c733a323a223238223b6e6f5f6b74707c733a31363a2233313735303930323034383730303032223b6167616d617c733a353a2249736c616d223b616c616d61747c733a36313a2250656b61796f6e2052542e3030352f303034204b656c2e2050656b61796f6e204b65632e205061736172205265626f204a616b617274612054696d7572223b6a6b7c733a313a2231223b6e6f5f68707c733a31323a22303835363937303736333436223b),
('0o2op89smlg8sc7fkfj7klv733glnmpv', '::1', 1558723594, 0x5f5f63695f6c6173745f726567656e65726174657c693a313535383732333539343b757365725f69647c733a333a22313535223b757365725f6e616d657c733a343a2239303034223b757365725f6e616d617c733a31323a2253616970756c20416e776172223b757365725f746c7c733a363a2242656b617369223b74676c5f7265677c4e3b74676c5f6c616869727c733a31303a22313938372d30342d3032223b656d61696c7c733a32333a2273616970756c616e776172613340676d61696c2e636f6d223b74676c5f6d6173756b7c4e3b6a61626174616e7c733a323a223238223b6e6f5f6b74707c733a31363a2233313735303930323034383730303032223b6167616d617c733a353a2249736c616d223b616c616d61747c733a36313a2250656b61796f6e2052542e3030352f303034204b656c2e2050656b61796f6e204b65632e205061736172205265626f204a616b617274612054696d7572223b6a6b7c733a313a2231223b6e6f5f68707c733a31323a22303835363937303736333436223b),
('s19bbsaqaddivuk4luk74g3rtd647v55', '::1', 1558723918, 0x5f5f63695f6c6173745f726567656e65726174657c693a313535383732333931383b757365725f69647c733a333a22313535223b757365725f6e616d657c733a343a2239303034223b757365725f6e616d617c733a31323a2253616970756c20416e776172223b757365725f746c7c733a363a2242656b617369223b74676c5f7265677c4e3b74676c5f6c616869727c733a31303a22313938372d30342d3032223b656d61696c7c733a32333a2273616970756c616e776172613340676d61696c2e636f6d223b74676c5f6d6173756b7c4e3b6a61626174616e7c733a323a223238223b6e6f5f6b74707c733a31363a2233313735303930323034383730303032223b6167616d617c733a353a2249736c616d223b616c616d61747c733a36313a2250656b61796f6e2052542e3030352f303034204b656c2e2050656b61796f6e204b65632e205061736172205265626f204a616b617274612054696d7572223b6a6b7c733a313a2231223b6e6f5f68707c733a31323a22303835363937303736333436223b),
('3le7ng1df0rr2m4qcm8cqt9de7ft31ot', '::1', 1558724907, 0x5f5f63695f6c6173745f726567656e65726174657c693a313535383732343930373b757365725f69647c733a333a22313335223b757365725f6e616d657c733a343a2239303031223b757365725f6e616d617c733a31343a224f63746120417072696c69616e61223b757365725f746c7c733a353a22426f676f72223b74676c5f7265677c4e3b74676c5f6c616869727c733a31303a22313939302d30342d3038223b656d61696c7c733a32343a226f6374612e617072696c69616e6140676d61696c2e636f6d223b74676c5f6d6173756b7c4e3b6a61626174616e7c733a323a223235223b6e6f5f6b74707c733a31363a2233323031303134383034393030303037223b6167616d617c733a353a2249736c616d223b616c616d61747c733a38343a224b6f6d706c656b732042616b6f73757274616e616c20426c6f6b204434204e6f2e2031372052542030362f3131204b656c2e20506162756172616e204b65632e20436962696e6f6e67204b61622e20426f676f72223b6a6b7c733a313a2232223b6e6f5f68707c733a31333a2230303837373831393738303235223b),
('qouqveqn86vgp9t5hr43qh3b2skpclet', '::1', 1558725388, 0x5f5f63695f6c6173745f726567656e65726174657c693a313535383732353338383b757365725f69647c733a333a22313335223b757365725f6e616d657c733a343a2239303031223b757365725f6e616d617c733a31343a224f63746120417072696c69616e61223b757365725f746c7c733a353a22426f676f72223b74676c5f7265677c4e3b74676c5f6c616869727c733a31303a22313939302d30342d3038223b656d61696c7c733a32343a226f6374612e617072696c69616e6140676d61696c2e636f6d223b74676c5f6d6173756b7c4e3b6a61626174616e7c733a323a223235223b6e6f5f6b74707c733a31363a2233323031303134383034393030303037223b6167616d617c733a353a2249736c616d223b616c616d61747c733a38343a224b6f6d706c656b732042616b6f73757274616e616c20426c6f6b204434204e6f2e2031372052542030362f3131204b656c2e20506162756172616e204b65632e20436962696e6f6e67204b61622e20426f676f72223b6a6b7c733a313a2232223b6e6f5f68707c733a31333a2230303837373831393738303235223b),
('687j5blq8sh7sjvl89clhg6sl9gp70ro', '::1', 1558726061, 0x5f5f63695f6c6173745f726567656e65726174657c693a313535383732363036313b757365725f69647c733a333a22313535223b757365725f6e616d657c733a343a2239303034223b757365725f6e616d617c733a31323a2253616970756c20416e776172223b757365725f746c7c733a363a2242656b617369223b74676c5f7265677c4e3b74676c5f6c616869727c733a31303a22313938372d30342d3032223b656d61696c7c733a32333a2273616970756c616e776172613340676d61696c2e636f6d223b74676c5f6d6173756b7c4e3b6a61626174616e7c733a323a223238223b6e6f5f6b74707c733a31363a2233313735303930323034383730303032223b6167616d617c733a353a2249736c616d223b616c616d61747c733a36313a2250656b61796f6e2052542e3030352f303034204b656c2e2050656b61796f6e204b65632e205061736172205265626f204a616b617274612054696d7572223b6a6b7c733a313a2231223b6e6f5f68707c733a31323a22303835363937303736333436223b),
('tmj8rbfato2g20pjbbroitifk207rcgv', '::1', 1558731038, 0x5f5f63695f6c6173745f726567656e65726174657c693a313535383733313033383b757365725f69647c733a333a22313535223b757365725f6e616d657c733a343a2239303034223b757365725f6e616d617c733a31323a2253616970756c20416e776172223b757365725f746c7c733a363a2242656b617369223b74676c5f7265677c4e3b74676c5f6c616869727c733a31303a22313938372d30342d3032223b656d61696c7c733a32333a2273616970756c616e776172613340676d61696c2e636f6d223b74676c5f6d6173756b7c4e3b6a61626174616e7c733a323a223238223b6e6f5f6b74707c733a31363a2233313735303930323034383730303032223b6167616d617c733a353a2249736c616d223b616c616d61747c733a36313a2250656b61796f6e2052542e3030352f303034204b656c2e2050656b61796f6e204b65632e205061736172205265626f204a616b617274612054696d7572223b6a6b7c733a313a2231223b6e6f5f68707c733a31323a22303835363937303736333436223b),
('5r9uhb3nlvsfaptd3u05pc2u4acgj0g4', '::1', 1558731561, 0x5f5f63695f6c6173745f726567656e65726174657c693a313535383733313536313b757365725f69647c733a333a22313535223b757365725f6e616d657c733a343a2239303034223b757365725f6e616d617c733a31323a2253616970756c20416e776172223b757365725f746c7c733a363a2242656b617369223b74676c5f7265677c4e3b74676c5f6c616869727c733a31303a22313938372d30342d3032223b656d61696c7c733a32333a2273616970756c616e776172613340676d61696c2e636f6d223b74676c5f6d6173756b7c4e3b6a61626174616e7c733a323a223238223b6e6f5f6b74707c733a31363a2233313735303930323034383730303032223b6167616d617c733a353a2249736c616d223b616c616d61747c733a36313a2250656b61796f6e2052542e3030352f303034204b656c2e2050656b61796f6e204b65632e205061736172205265626f204a616b617274612054696d7572223b6a6b7c733a313a2231223b6e6f5f68707c733a31323a22303835363937303736333436223b),
('2i6ibdru38jr1lankg7acivcchmp222h', '::1', 1558731955, 0x5f5f63695f6c6173745f726567656e65726174657c693a313535383733313935353b757365725f69647c733a333a22313535223b757365725f6e616d657c733a343a2239303034223b757365725f6e616d617c733a31323a2253616970756c20416e776172223b757365725f746c7c733a363a2242656b617369223b74676c5f7265677c4e3b74676c5f6c616869727c733a31303a22313938372d30342d3032223b656d61696c7c733a32333a2273616970756c616e776172613340676d61696c2e636f6d223b74676c5f6d6173756b7c4e3b6a61626174616e7c733a323a223238223b6e6f5f6b74707c733a31363a2233313735303930323034383730303032223b6167616d617c733a353a2249736c616d223b616c616d61747c733a36313a2250656b61796f6e2052542e3030352f303034204b656c2e2050656b61796f6e204b65632e205061736172205265626f204a616b617274612054696d7572223b6a6b7c733a313a2231223b6e6f5f68707c733a31323a22303835363937303736333436223b),
('ail7s9tfol2na53kpr0rlmihp0b2d0f4', '::1', 1558732830, 0x5f5f63695f6c6173745f726567656e65726174657c693a313535383733323833303b757365725f69647c733a333a22313535223b757365725f6e616d657c733a343a2239303034223b757365725f6e616d617c733a31323a2253616970756c20416e776172223b757365725f746c7c733a363a2242656b617369223b74676c5f7265677c4e3b74676c5f6c616869727c733a31303a22313938372d30342d3032223b656d61696c7c733a32333a2273616970756c616e776172613340676d61696c2e636f6d223b74676c5f6d6173756b7c4e3b6a61626174616e7c733a323a223238223b6e6f5f6b74707c733a31363a2233313735303930323034383730303032223b6167616d617c733a353a2249736c616d223b616c616d61747c733a36313a2250656b61796f6e2052542e3030352f303034204b656c2e2050656b61796f6e204b65632e205061736172205265626f204a616b617274612054696d7572223b6a6b7c733a313a2231223b6e6f5f68707c733a31323a22303835363937303736333436223b),
('2ie6c995lo02sa1bs2bdps441ht2ulfg', '::1', 1558733741, 0x5f5f63695f6c6173745f726567656e65726174657c693a313535383733333734313b757365725f69647c733a333a22313535223b757365725f6e616d657c733a343a2239303034223b757365725f6e616d617c733a31323a2253616970756c20416e776172223b757365725f746c7c733a363a2242656b617369223b74676c5f7265677c4e3b74676c5f6c616869727c733a31303a22313938372d30342d3032223b656d61696c7c733a32333a2273616970756c616e776172613340676d61696c2e636f6d223b74676c5f6d6173756b7c4e3b6a61626174616e7c733a323a223238223b6e6f5f6b74707c733a31363a2233313735303930323034383730303032223b6167616d617c733a353a2249736c616d223b616c616d61747c733a36313a2250656b61796f6e2052542e3030352f303034204b656c2e2050656b61796f6e204b65632e205061736172205265626f204a616b617274612054696d7572223b6a6b7c733a313a2231223b6e6f5f68707c733a31323a22303835363937303736333436223b),
('mhuro7nmbhfsu7vtncafqna6i4prlphq', '::1', 1558734839, 0x5f5f63695f6c6173745f726567656e65726174657c693a313535383733343833393b757365725f69647c733a333a22313535223b757365725f6e616d657c733a343a2239303034223b757365725f6e616d617c733a31323a2253616970756c20416e776172223b757365725f746c7c733a363a2242656b617369223b74676c5f7265677c4e3b74676c5f6c616869727c733a31303a22313938372d30342d3032223b656d61696c7c733a32333a2273616970756c616e776172613340676d61696c2e636f6d223b74676c5f6d6173756b7c4e3b6a61626174616e7c733a323a223238223b6e6f5f6b74707c733a31363a2233313735303930323034383730303032223b6167616d617c733a353a2249736c616d223b616c616d61747c733a36313a2250656b61796f6e2052542e3030352f303034204b656c2e2050656b61796f6e204b65632e205061736172205265626f204a616b617274612054696d7572223b6a6b7c733a313a2231223b6e6f5f68707c733a31323a22303835363937303736333436223b),
('bskgdfj4488lr5n08i01p7p8ba3ja9hv', '::1', 1558735179, 0x5f5f63695f6c6173745f726567656e65726174657c693a313535383733353137393b757365725f69647c733a333a22313535223b757365725f6e616d657c733a343a2239303034223b757365725f6e616d617c733a31323a2253616970756c20416e776172223b757365725f746c7c733a363a2242656b617369223b74676c5f7265677c4e3b74676c5f6c616869727c733a31303a22313938372d30342d3032223b656d61696c7c733a32333a2273616970756c616e776172613340676d61696c2e636f6d223b74676c5f6d6173756b7c4e3b6a61626174616e7c733a323a223238223b6e6f5f6b74707c733a31363a2233313735303930323034383730303032223b6167616d617c733a353a2249736c616d223b616c616d61747c733a36313a2250656b61796f6e2052542e3030352f303034204b656c2e2050656b61796f6e204b65632e205061736172205265626f204a616b617274612054696d7572223b6a6b7c733a313a2231223b6e6f5f68707c733a31323a22303835363937303736333436223b),
('oe19mb7hnms4vp34vt0ebonjhmf699af', '::1', 1558736129, 0x5f5f63695f6c6173745f726567656e65726174657c693a313535383733363132393b757365725f69647c733a323a223538223b757365725f6e616d657c733a343a2239303134223b757365725f6e616d617c733a31363a224669747269612057696a6179616e7469223b757365725f746c7c733a353a22426f676f72223b74676c5f7265677c4e3b74676c5f6c616869727c733a31303a22313938392d30322d3238223b656d61696c7c733a32313a226669747269612e7074726140676d61696c2e636f6d223b74676c5f6d6173756b7c4e3b6a61626174616e7c733a323a223638223b6e6f5f6b74707c733a31363a2233323031303136383032383930303037223b6167616d617c733a353a2249736c616d223b616c616d61747c733a35393a224b702e20506f732c2052742e3030342f3131204465736120506162756172616e2c204b65632e20436962696e6f6e672c204b61622e20426f676f72223b6a6b7c733a313a2232223b6e6f5f68707c733a31323a22303831333833363033313330223b),
('jv74h6oavtip0illm2bg80crpqmnepd6', '::1', 1558737402, 0x5f5f63695f6c6173745f726567656e65726174657c693a313535383733373430323b757365725f69647c733a323a223538223b757365725f6e616d657c733a343a2239303134223b757365725f6e616d617c733a31363a224669747269612057696a6179616e7469223b757365725f746c7c733a353a22426f676f72223b74676c5f7265677c4e3b74676c5f6c616869727c733a31303a22313938392d30322d3238223b656d61696c7c733a32313a226669747269612e7074726140676d61696c2e636f6d223b74676c5f6d6173756b7c4e3b6a61626174616e7c733a323a223638223b6e6f5f6b74707c733a31363a2233323031303136383032383930303037223b6167616d617c733a353a2249736c616d223b616c616d61747c733a35393a224b702e20506f732c2052742e3030342f3131204465736120506162756172616e2c204b65632e20436962696e6f6e672c204b61622e20426f676f72223b6a6b7c733a313a2232223b6e6f5f68707c733a31323a22303831333833363033313330223b),
('2pm9i64dag53gje7legrb5s5ga4170a2', '::1', 1558741261, 0x5f5f63695f6c6173745f726567656e65726174657c693a313535383734313236313b757365725f69647c733a323a223538223b757365725f6e616d657c733a343a2239303134223b757365725f6e616d617c733a31363a224669747269612057696a6179616e7469223b757365725f746c7c733a353a22426f676f72223b74676c5f7265677c4e3b74676c5f6c616869727c733a31303a22313938392d30322d3238223b656d61696c7c733a32313a226669747269612e7074726140676d61696c2e636f6d223b74676c5f6d6173756b7c4e3b6a61626174616e7c733a323a223638223b6e6f5f6b74707c733a31363a2233323031303136383032383930303037223b6167616d617c733a353a2249736c616d223b616c616d61747c733a35393a224b702e20506f732c2052742e3030342f3131204465736120506162756172616e2c204b65632e20436962696e6f6e672c204b61622e20426f676f72223b6a6b7c733a313a2232223b6e6f5f68707c733a31323a22303831333833363033313330223b),
('u9vq5k4d0igf71fpr1gjhsp7d3ef6sop', '::1', 1558744549, 0x5f5f63695f6c6173745f726567656e65726174657c693a313535383734343534393b757365725f69647c733a323a223538223b757365725f6e616d657c733a343a2239303134223b757365725f6e616d617c733a31363a224669747269612057696a6179616e7469223b757365725f746c7c733a353a22426f676f72223b74676c5f7265677c4e3b74676c5f6c616869727c733a31303a22313938392d30322d3238223b656d61696c7c733a32313a226669747269612e7074726140676d61696c2e636f6d223b74676c5f6d6173756b7c4e3b6a61626174616e7c733a323a223638223b6e6f5f6b74707c733a31363a2233323031303136383032383930303037223b6167616d617c733a353a2249736c616d223b616c616d61747c733a35393a224b702e20506f732c2052742e3030342f3131204465736120506162756172616e2c204b65632e20436962696e6f6e672c204b61622e20426f676f72223b6a6b7c733a313a2232223b6e6f5f68707c733a31323a22303831333833363033313330223b),
('oa0qf6cio46oasq67rtmv12mjv251f69', '::1', 1558744550, 0x5f5f63695f6c6173745f726567656e65726174657c693a313535383734343534393b757365725f69647c733a323a223538223b757365725f6e616d657c733a343a2239303134223b757365725f6e616d617c733a31363a224669747269612057696a6179616e7469223b757365725f746c7c733a353a22426f676f72223b74676c5f7265677c4e3b74676c5f6c616869727c733a31303a22313938392d30322d3238223b656d61696c7c733a32313a226669747269612e7074726140676d61696c2e636f6d223b74676c5f6d6173756b7c4e3b6a61626174616e7c733a323a223638223b6e6f5f6b74707c733a31363a2233323031303136383032383930303037223b6167616d617c733a353a2249736c616d223b616c616d61747c733a35393a224b702e20506f732c2052742e3030342f3131204465736120506162756172616e2c204b65632e20436962696e6f6e672c204b61622e20426f676f72223b6a6b7c733a313a2232223b6e6f5f68707c733a31323a22303831333833363033313330223b),
('c3ss8e39epchl3k4bi11mn574e3qs8d3', '::1', 1559268566, 0x5f5f63695f6c6173745f726567656e65726174657c693a313535393236383535353b757365725f69647c733a333a22313535223b757365725f6e616d657c733a343a2239303034223b757365725f6e616d617c733a31323a2253616970756c20416e776172223b757365725f746c7c733a363a2242656b617369223b74676c5f7265677c4e3b74676c5f6c616869727c733a31303a22313938372d30342d3032223b656d61696c7c733a32333a2273616970756c616e776172613340676d61696c2e636f6d223b74676c5f6d6173756b7c4e3b6a61626174616e7c733a323a223238223b6e6f5f6b74707c733a31363a2233313735303930323034383730303032223b6167616d617c733a353a2249736c616d223b616c616d61747c733a36313a2250656b61796f6e2052542e3030352f303034204b656c2e2050656b61796f6e204b65632e205061736172205265626f204a616b617274612054696d7572223b6a6b7c733a313a2231223b6e6f5f68707c733a31323a22303835363937303736333436223b);

-- --------------------------------------------------------

--
-- Table structure for table `tbl_users`
--

CREATE TABLE `tbl_users` (
  `id_user` int(150) NOT NULL,
  `nama_user` varchar(150) NOT NULL,
  `username` varchar(150) NOT NULL,
  `password` varchar(150) NOT NULL,
  `created_at` datetime NOT NULL,
  `updated_at` datetime NOT NULL
) ENGINE=InnoDB DEFAULT CHARSET=latin1;

--
-- Dumping data for table `tbl_users`
--

INSERT INTO `tbl_users` (`id_user`, `nama_user`, `username`, `password`, `created_at`, `updated_at`) VALUES
(1, 'Administrator', 'admin', '21232f297a57a5a743894a0e4a801fc3', '2017-02-21 04:14:16', '2017-03-06 13:42:37');

-- --------------------------------------------------------

--
-- Table structure for table `tb_pegawai`
--

CREATE TABLE `tb_pegawai` (
  `id_data_pegawai` int(11) NOT NULL,
  `nama_pegawai` varchar(255) NOT NULL,
  `absenid` varchar(50) NOT NULL,
  `tgl_registrasi` date NOT NULL,
  `tempat_lahir` varchar(200) NOT NULL,
  `tgl_lahir` date NOT NULL,
  `email` varchar(255) NOT NULL,
  `thn_masuk` int(11) NOT NULL,
  `jabatan` varchar(255) NOT NULL,
  `no_ktp` varchar(100) NOT NULL,
  `agama` varchar(50) NOT NULL,
  `alamat` text NOT NULL,
  `jenis_kelamin` int(11) NOT NULL,
  `no_hp` varchar(255) NOT NULL,
  `id_unit_kerja` int(11) NOT NULL
) ENGINE=InnoDB DEFAULT CHARSET=latin1;

--
-- Dumping data for table `tb_pegawai`
--

INSERT INTO `tb_pegawai` (`id_data_pegawai`, `nama_pegawai`, `absenid`, `tgl_registrasi`, `tempat_lahir`, `tgl_lahir`, `email`, `thn_masuk`, `jabatan`, `no_ktp`, `agama`, `alamat`, `jenis_kelamin`, `no_hp`, `id_unit_kerja`) VALUES
(2, 'Abdullah', '9006', '2018-12-07', 'Bima', '1983-03-10', 'ipehola@gmail.com', 2014, '28', '3201011003830011', 'Islam', 'Kp. Curug RT.006/012 Kel. Pakansari Kec. Cibinong-Bogor', 1, '081291980497', 4),
(3, 'Acep Irawan', '9225', '2018-07-17', 'Kuningan', '1970-06-04', 'acepirawanhiji@gmail.com', 2016, '28', '3171050406700012', 'Islam', 'Jl. Cempaka Putih Tengah 22 A/36 RT 19/04 Kel. Cempaka Putih Timur Kec. Cempaka Putih Jakarta Pusat', 1, '082112766684', 4),
(4, 'Ade Rizki Irawan', '9142', '2018-12-07', 'Jakarta', '1990-09-17', 'ade.r.irawan@gmail.com', 2016, '25', '3175101709900004', 'Islam', 'Jl. Mini III Bambu Apu RT.012/003 Kel. Bambu Apus Kec. Cipayung-Bogor', 1, '085693839880', 4),
(5, 'Aditya Rizqiansyah', '9192', '2018-07-13', 'Bandung', '1995-10-17', 'adityarizqiansyah17@gmail.com', 2018, '19', '3273091710950001', 'Islam', 'Jl. Kb. Bibit Utara II No. 137/58 Rt. 005/005 Tamansari BAndung Wetan Bandung', 1, '081223848680', 9),
(6, 'Afi Muawanah', '9238', '2018-07-27', 'Magelang', '1993-06-15', 'afimwh67@gmail.com', 2017, '19', '3308125506930001', 'Islam', 'Mranggen Kulon Rt. 017/007 Kajoran Magelang', 2, '082188280738', 7),
(7, 'Agung Pamungkas', '9214', '2018-07-16', 'Jakarta', '1989-08-09', 'maagungpamungkas@gmail.com', 2017, '19', '3201130908890004', 'Islam', 'Kp. Sawah Poncol Rt.003/007 Bojong Gede Kab. Bogor', 1, '081296894256', 10),
(8, 'Agus', '9093', '2015-04-07', 'Bogor', '1987-08-20', 'agusjow2087@gmail.com', 2013, '31', '3201012008870008', 'Islam', 'Jl. HM Asyari RT.001/008 Kel. Cibinong Kec. Cibinong-Bogor', 1, '083818415891', 4),
(9, 'Ahmad Daniyal', '9251', '2018-07-31', 'Demak', '1993-10-25', 'daniyal.25ahmad@gmail.com', 2018, '19', '3321112510930004', 'Islam', 'Setinggil Rt. 005/002 Bintoro Demak', 1, '085640824389', 10),
(10, 'Ahmad Fauzi Ridwan', '9034', '2013-07-03', 'Bogor', '1987-06-30', 'ridwan.ahmadfauzi@gmail.com', 2013, '16', '3201013006870009', 'Islam', 'Kp. Cikempong Rt. 003/009 Pakansari Cibinong', 1, '082111118867', 7),
(11, 'Alifa Khoirunnisa', '9149', '2018-07-13', 'Klaten', '1993-10-10', 'alifakhoirunnisa@gmail.com', 2018, '49', '3404075010930003', 'Islam', 'Kadirejo RT 010 RW 005, Kadirejo, KAranganom, Klaten', 2, '087736082083', 7),
(12, 'Ana Indarwati', '9188', '2018-07-13', 'Sragen', '1992-07-27', 'annanne93@gmail.com', 2017, '13', '3314136707920001', 'Islam', 'Perumnas Gemolong Permai Rt. 010/001 Gemolong Sragen', 2, '0813519296022', 9),
(13, 'Andi Supandi', '9074', '2015-04-07', 'BOgor', '1979-10-05', 'andisupandi1685@gmail.com', 2010, '28', '3201020510790024', 'Islam', 'Karnggan Tua Rt.005/007 Karanggan - Gunung Putri', 1, '085888955688', 4),
(14, 'Andri Pratiwi', '9159', '2018-07-12', 'Semarang', '1994-06-17', 'pratiwiandri@gmail.com', 2016, '30', '3309025706940002', 'Islam', 'Dk Candi RT 02/06 Kel. Candi Kec. Ampel Kab. Boyolali', 2, '085740030945', 5),
(15, 'Angga Meidia Pratama', '9042', '2018-07-12', 'Bogor', '1992-05-17', 'anggameidia17@gmail.com', 2017, '19', '3271061705920003', 'Islam', 'Kebon Pedes Gg. Pacilong No.48 Rt. 005/004 Kebon Pedes Tanah Sareal Bogor', 1, '08561841542', 5),
(16, 'Anggoro Wahyu Utomo', '9022', '2018-07-12', 'Pati', '1994-03-08', 'anggoro.wahyu.u@gmail.com', 2017, '19', '3318190803940001', 'Kristen', 'Pakis Rt. 004/003 Pakis Tayu Jawa Tengah', 1, '081329782598', 5),
(17, 'Anisa Islamiati', '9147', '2018-07-31', 'Garut', '1993-03-15', 'anisaislam91@gmail.com', 2017, '12', '3205055503930002', 'Islam', 'Jl. Arumanis No.91 Rt.004/006 Pataruman - Tarogong kidul - Garut', 2, '081911733018', 4),
(18, 'Annis Linawati', '9036', '2013-07-03', 'Bogor', '1990-10-07', 'linawati.annis@gmail.com', 2013, '12', '3271054710900003', 'Islam', 'Jl. Taman Bunga No.401 RT 011/007 Ciluar, Bogor Utara', 2, '085771255770', 7),
(19, 'Annisa Novianti', '9146', '2018-07-12', 'Bogor', '1994-11-12', 'annisanovianti94@gmail.com', 2017, '23', '3271035211940005', 'Islam', 'JAlan Lodaya II Cilibende 003/005 Babakan Bogor Tengah Bogor', 2, '085771994624', 4),
(20, 'Ardi Maulana Yusup', '9242', '2018-07-31', 'Bandung', '1995-07-06', 'ardim0354@gmail.com', 2018, '19', '3204060607950002', 'Islam', 'Kp. Dangdeur Rt. 001/004 Sindanglaya - Cimenyan - Bandung', 1, '085322434016', 10),
(21, 'Ari Setiani', '9203', '2018-07-13', 'Jakarta', '1995-01-09', 'arisetiani.as@gmail.com', 2017, '65', '3173084901950005', 'Islam', 'Jl. Murni, Rt. 016/002, Kel. Joglo, Kec. Kembangan, Kota Jakarta Barat', 2, '081315593259', 12),
(22, 'Armen Effendi', '9070', '2016-01-14', 'Lampung', '1981-05-31', 'armaneffendi310581@gmail.com', 2015, '28', '3201013105810001', 'Islam', 'Dian Asri 2 Blok B No. 25 Jl. Melon 7 RT 02/15 Kel. Pabuaran Kec. Cibinong Kab. Bogor', 1, '081314530630', 4),
(23, 'Armenda Bagas Ramadhony', '9191', '2018-07-13', 'Semarang', '1995-02-18', 'bagasramadhony@gmail.com', 2018, '19', '3374061802950003', 'Islam', 'Jl. Albisia No. 35 Perum Plam Indah Rt. 003/008 Plamongan Sari Pedurungan Semarang', 1, '082143205020', 9),
(24, 'Arum Suryandari', '9198', '2018-07-13', 'Jakarta', '1994-02-25', 'arumsuryadari.s@gmail.com', 2017, '56', '3175076502940004', 'Islam', 'Jl. Rathkamp Blok AA10 No.3,Rt.002/011, Kel. Duren Sawit, Kec. Duren Sawit, Kota Jakarta Timur', 2, '085691868508', 10),
(25, 'Atim', '9094', '2015-04-07', 'Karawang', '1968-04-28', 'atimaja02@gmail.com', 2010, '31', '3201012804680002', 'Islam', 'Jl. HM Asyari RT.001/001 Kel. Cibinong Kec. Cibinong-Bogor', 1, '085882724270', 4),
(26, 'Ayu Arkandita Sandy', '9230', '2018-07-27', 'Klaten', '1996-01-07', 'arkanditaayu@gmail.com', 2017, '12', '3310144701960001', 'Islam', 'Karang Wuni Rt. 012/004 Gondang Sari Juwiring Klaten', 2, '08122533040', 9),
(27, 'Azmi Lajuardi Ishak', '9101', '2016-01-08', 'Bogor', '1988-06-24', 'amiazmi139@gmail.com', 2015, '31', '3201032406880008', 'Islam', 'Leuwinutug RT.006/004 Kel. Leuwinutug Kec. Citeureup-Bogor', 1, '089638653211', 4),
(28, 'Bernike Hendrastuti', '9061', '2017-10-09', 'Kulon Progo', '1994-01-01', 'bernikehendrastuti@gmail.com', 2017, '9', '3401074101940002', 'Kristen', 'Karangtengah Lor RT 11/06 Kel. Margosari Kec. Pengasih Kab. Kulonprogo Yogyakarta', 2, '085643339885', 5),
(29, 'Bima Amantana', '9114', '2018-07-12', 'Kediri', '1993-07-15', 'bima.amantana@gmail.com', 2017, '49', '3574051507930001', 'Islam', 'Jl. Sunan Ampel 94 RT 03/03 Kel. Jrebeng Lor Kec. Kedopok Kota Probolinggo', 1, '082245458747', 5),
(30, 'Bryan Pramana Susetya', '9233', '2018-07-27', 'Kulon Progo', '1990-08-05', 'bryanpramana.s@gmail.com', 2017, '19', '3401020508900022', 'Islam', 'Driyan Rt. 005/011 Wates Kulon Progo', 1, '085729143535', 11),
(31, 'Canggih Prabowo', '9003', '2018-07-12', 'Bogor', '1989-05-02', 'prabowocanggih@yahoo.com', 2017, '28', '3201010205890002', 'Islam', 'Asrama Yon Bekang I RT 05/06 Kel. Cibinong Kec. Cibinong Kab. Bogor', 1, '081280497881', 4),
(32, 'Cece Cahyadi', '9083', '2015-04-06', 'Sumedang', '1979-12-31', '31cece.cahyadi@gmail.com', 2011, '7', '3171083112790001', 'Islam', 'Jl. Kramat Jaya RT 10/01 Kel. Johar Baru Kec. Johar Baru, Jakarta Pusat', 1, '081297600433', 4),
(33, 'Chairulloh', '9091', '2016-01-08', 'Jakarta', '1981-09-01', 'chairulsyifa@yahoo.com', 2009, '25', '3276020109810014', 'Islam', 'Kp. Tipar RT 04/10 Kel. Mekarsari Kec. Cimanggis Kota Depok', 1, '081280467357', 4),
(34, 'Dani Nur Martiana', '9227', '2018-07-27', 'Batang', '1995-03-24', 'martianadani@gmail.com', 2017, '19', '3325046403950001', 'Islam', 'Dukuh Reban Rt. 002/001 Reban - Batang', 2, '08985508194', 10),
(35, 'Dasita Meygan Pratiwi', '9162', '2018-07-13', 'Semarang ', '1993-05-07', 'dasita.meygan.p@gmail.com', 2018, '46', '3374014705930002', 'Islam', 'Jl. Borobudur Utara Raya 39 RT 005 RW 003, Manyaran, Semarang Barat', 2, '085641752925', 8),
(36, 'Deden Suhandi', '9071', '2015-04-06', 'Bogor', '1974-02-02', 'aa6201345@gmail.com', 2010, '28', '3201010202740011', 'Islam', 'Lingkungan 4 Kranji Barat RT 02/11 Kel. Ciriung Kec. Cibinong Kab. Bogor', 1, '087870753758', 4),
(37, 'Dedi Hermansyah', '9107', '2015-04-07', 'Bogor', '1980-04-05', 'dedih328@gmail.com', 2013, '29', '3201010504800003', 'Islam', 'Blok Ringkem RT 04/02 Kel. Cibinong Kec. Cibinong Kab. Bogor', 1, '082113653376', 4),
(38, 'Deni Prayudi', '9087', '2015-04-10', 'Jakarta', '1990-05-31', 'prayudi.deni@gmail.com', 2013, '25', '3171033105900005', 'Islam', 'Jl. Utan Panjang III RT 11/07 Kel. Utan Panjang Kec. Kemayoran, Jakarta Pusat', 1, '087880588831', 4),
(39, 'Dewi Indriasari', '9150', '2018-07-13', 'Indramayu', '1993-03-07', 'dewi.idriasari@gmail.com', 2017, '66', '3212104703930007', 'Islam', 'Gang 5 Utara Karang ampel, Rt.008/003, Kel. Karangampel, Kec. Karangampel, Kab. Indramayu, Prov. Jabar', 2, '08988233991', 7),
(40, 'Dhimita Jati Praditya', '9041', '2018-07-12', 'Bogor', '1994-08-21', 'mita.djp@gmail.com', 2016, '26', '3271056108940002', 'Islam', 'BTN Pd. Aren Jl. Tarakan No. 433 RT 11/07 Kel. Ciluar Kec. Kota Bogor Utara Kota Bogor', 2, '081381319079', 5),
(41, 'Dina Fahrina', '9019', '2018-07-12', 'Bogor', '1989-12-22', 'dinafahrina@gmail.com', 2016, '12', '3201016212890003', 'Islam', 'Kp. Tonggoh Rt. 005/003 Gunungsari Citeureup', 2, '081297209408', 5),
(42, 'Doni Salami', '9193', '2018-07-13', 'Brebes', '1985-05-12', 'donysalam@gmail.com', 2017, '64', '3329031205850001', 'Islam', 'Desa Adisana Rt 007/004 Kel. Adisana, Kec. Bumiayu, Kab. Brebes', 1, '08562662490', 9),
(43, 'Dosmaya Andriani', '9183', '2018-07-13', 'Jakarta', '1994-05-30', 'dosmayaandriani@gmail.com', 2017, '49', '3175096005941002', 'Kristen', 'Jl. Raya Centex, Gg. Puskesmas RT 012 RW 002, Ciracas, Jakarta Timur', 2, '082112439044', 7),
(44, 'Dwi Anissa Apri Handayani', '9008', '2018-07-12', 'Bogor', '1993-04-18', 'dwianisa27@gmail.com', 2015, '38', '3271015804930004', 'Islam', 'Marga Bhakti RT.002/001 Kel. Kertamaya Kec. Bogor Selatan Kota Bogor', 2, '081287023409', 6),
(45, 'Dwi Noviyanto', '9231', '2018-07-27', 'Bogor', '1991-11-09', 'dwi.noviyanto@yahoo.com', 2015, '19', '3201010911910005', 'Islam', 'Kp. Curug Rt.005/003 Pakansari Cibinong Bogor', 1, '085719301021', 9),
(46, 'Dwi Santy Ratnasari', '9016', '2018-07-12', 'Bogor', '1993-01-15', 'dwisantyr@gmail.com', 2016, '19', '3271055501930002', 'Islam', 'Jl. Aru Blok B.V/255', 2, '082139382270', 5),
(47, 'Edi Purnomo', '9095', '2015-04-07', 'Malang', '1982-06-04', 'edipurnomobg5@gmail.com', 2008, '31', '3201010406820009', 'Islam', 'Asrama Yon Bekang I Kostrad RT.007/006 Kel. Cibinong Kec.Cibinong-Bogor', 1, '081510827675', 4),
(48, 'Edwin Maulana', '9128', '2015-09-03', 'Malang', '1989-04-07', 'edwinmaulana35@yahoo.com', 2015, '19', '3573050ri 704890001', 'Islam', 'Jl. Tirto Mulyo V No.2 B Rt.002/009 Landungsari Dau  Malang', 1, '085649513196', 5),
(49, 'Eko Fachriadi', '9069', '2015-04-08', 'Jakarta', '1972-09-09', 'jechosandra99@gmail.com', 2012, '28', '3201010909721001', 'Islam', 'Padurenan RT 01/06 Kel. Pabuaran Kec. Cibinong Kab. Bogor', 1, '0811707578', 4),
(50, 'Eldhi Sulistya', '9113', '2015-04-07', 'Bogor', '1992-10-01', 'eldhisulistya@gmail.com', 2013, '3', '3201010110920008', 'Islam', 'Jl. Al Falah Cikaret RT.005/004 Kel. Harapanjaya Kec. Cibinong-Bogor', 1, '081289908998', 3),
(51, 'Eni Yuliani', '9189', '2018-07-13', 'Cilacap', '1996-07-29', 'eniyuliani.big@gmail.com', 2017, '12', '3301186907960004', 'Islam', 'Jl. Mahoni No.33 Rt.001/007 Sadasari Cipari Cilacap', 2, '081298934606', 9),
(52, 'Erlita Rubiyantika', '9018', '2013-07-03', 'Bogor', '1986-08-20', 'erlitarubiyantika@gmail.com', 2008, '47', '3201016008860011', 'Islam', 'Blok Ringkem RT 001 RW 002 Kel. Cibinong, Kec. Cibinong', 2, '081280731952', 1),
(53, 'Etik Siswanti', '9182', '2018-07-13', 'Jombang', '1993-03-09', 'siswanti.etik@gmail.com', 2017, '58', '3517064903930005', 'Islam', 'Dusun Betek Utara Rt.001/001, Kel. Betek, Kec. Mojoagung, Kab. Jombang', 2, '085732370699', 7),
(54, 'Eva Nanda', '9017', '2018-07-12', 'Palembang', '1996-02-12', 'nandaeva.en@gmail.com', 2018, '12', '1671095202960004', 'Islam', 'Jl. Angkatan 66 LR Harapan I No.1733', 2, '081272424188', 5),
(55, 'Fahrulian', '9186', '2018-07-13', 'Bengkulu', '1989-07-19', 'fahrulian@gmail.com', 2017, '48', '1771021907890006', 'Islam', 'Jl. Timur Indah VII No.2 RT 006 RW 003, Timur Indah, Singaran Pati, Bengkulu', 1, '081213944735', 11),
(56, 'Faisal Rifai', '9155', '2018-07-13', 'Cilacap', '1994-07-22', 'faisalrifai05@gmail.com', 2017, '12', '3301122007940001', 'Islam', 'Ciporos RT 003 Rw 004 Ciporos, Karangpucung, Cilacap', 1, '085747347277', 2),
(57, 'Filza Aziza', '9241', '2018-07-31', 'Bandung', '1995-06-23', 'filzaazizaa@gmail.com', 2018, '19', '327325606950003', 'Islam', 'Kp. Gandol Rt.004/005 Palasari Cibiru', 2, '082120813919', 10),
(58, 'Fitria Wijayanti', '9014', '2013-07-03', 'Bogor', '1989-02-28', 'fitria.ptra@gmail.com', 2018, '68', '3201016802890007', 'Islam', 'Kp. Pos, Rt.004/11 Desa Pabuaran, Kec. Cibinong, Kab. Bogor', 2, '081383603130', 8),
(59, 'Frina Saurin', '9038', '2013-07-03', 'Bogor', '1987-05-15', 'frina.saurin@gmail.com', 2012, '24', '3201015505870011', 'Islam', 'Perum BCE Blok D9 No.8 Rt.003/012 Sukahati Cibinong', 2, '081210687577', 4),
(60, 'Fuad Alwi Swastiko', '9209', '2018-07-13', 'Kebumen', '1993-12-30', 'fuadswastiko@gmail.com', 2017, '56', '3305063012930005', 'Islam', 'DK. Pinggirkali, Rt.005/003, Kel. Bocor, Kec. Buluspesantren, Kab. Kebumen', 1, '085647726367', 10),
(61, 'Fuad Rosyadi Prayoga', '9204', '2018-07-13', 'Klaten', '1992-03-03', 'rpfuad@gmail.com', 2017, '5', '3310230303920001', 'Islam', 'Dk. Tegal Purno RT 003/012, Jimbung, Kalikotes, Klaten', 1, '085729285200', 12),
(62, 'Gianova Andika Putri', '9060', '2017-10-09', 'Klaten', '1994-11-04', 'andikaputrig@gmail.com', 2017, '9', '3310164411940001', 'Islam', 'Kragan RT 02/11 Kel. Delanggu Kec. Delanggu Klaten Jawa Tengah', 2, '085640373420', 5),
(63, 'Gina Chairunnisa', '9234', '2018-07-27', 'Jakarta', '1993-11-07', 'chairunnisa.gina@gmail.com', 2017, '12', '3174044711930006', 'Islam', 'Jl. Hikmah Kp. Utan Rt. 004/008 Ragunan Pasar Minggu', 2, '085781000093', 7),
(64, 'Gita Herda Sari', '9136', '2018-07-13', 'Talawi', '1995-08-06', 'gita.herda@gmail.com', 2018, '54', '1373044608950001', 'Islam', 'Desa Talawi Hilir, Sumatera Barat', 2, '081246187196', 8),
(65, 'Guntur Bayu Aji', '9099', '2015-04-08', 'Sragen', '1992-03-29', 'gundur_bayuaji@ymail.com', 2014, '34', '3314042903720002', 'Islam', 'Dian Asri 2 Blok D-7', 1, '08562989427', 4),
(66, 'Habibah Nurrohmah', '9115', '2018-07-13', 'Bantul', '1994-03-10', 'habibahnurrohmah@gmail.com', 2017, '45', '3308084310940003', 'Islam', 'Ngawen RT 002 RW 005, Desa Ngawen, Muntilan', 2, '0895359252035', 1),
(67, 'Hamdi', '9010', '2018-07-12', 'Bukittinggi', '1991-04-18', 'hamdi1804@gmail.com', 2018, '11', '1375011807910003', 'Islam', 'Jl. Sumurapak Rt. 004/005 Tarok Dipo Guguk Panjang Bukittinggi Sumbar', 1, '082169723144', 3),
(68, 'Handika Cipta Rizkiana', '9029', '2013-07-04', 'Sumedang', '1991-03-17', 'handikacipta@gmail.com', 2013, '25', '3271041703910006', 'Islam', 'Perum Griya Bogor Asri Jl. Gelatik No. 17 RT 06/03 Kel. Bubulak Kec. Kota Bogor Barat Kota Bogor', 1, '085710013290', 3),
(69, 'Hanifah Khairunisa Shofiati', '9120', '2018-07-13', 'Banyumas', '1993-01-23', 'hanifah.kharunisa11@gmail.com', 2017, '69', '3304066301930004', 'Islam', 'Soekanandi RT 003 RW 002, Kel. Soekanandi, Kec. Banjarnegara', 2, '085291533750', 1),
(70, 'Hanik Nurdiana Sabita', '9066', '2018-07-12', 'Purwokerto', '1992-02-03', 'hanientsabita@gmail.com', 2018, '27', '3302264302920001', 'Islam', 'Jl. Kauman lama No.32 Rt. 001 / 005 Purwokerto ', 2, '081213636991', 5),
(71, 'Hayatul Fitri', '9245', '2018-07-31', 'Tanjung Jati, Padang', '1994-04-15', 'hayatullfitrii@gmail.com', 2018, '19', '1307025504940001', 'Islam', 'Talago VII Koto talago Guguak Padang', 2, '085278893505', 10),
(72, 'Helmi Herlambang', '9039', '2013-07-03', 'Jakarta', '1982-08-25', 'helmikenzoa25@gmail.com', 2013, '28', '3201012508820008', 'Islam', 'Dian Asri 2 Blok D7 No.06 Kel. Pabuaran Kec. Cibinong-Bogor', 1, '082213138453', 4),
(73, 'Herman', '9072', '2016-01-14', 'Jakarta', '1986-12-09', 'hermanbus22@gmail.com', 2010, '28', '3201010912860007', 'Islam', 'Kp. Curug RT 07/12 Kel. Pakansari Kec. Cibinong Kab. Bogor', 1, '081288440383', 4),
(74, 'Hermanto', '9077', '2015-04-06', 'Lubuk Kertang', '1975-03-10', 'hermangelit212007@gmail.com', 2012, '28', '3674051003750028', 'Islam', 'Jl. Jambu Legoso RT.002/011 Kel. Pisangan Kec. Ciputat Timur Tangerang Selatan', 1, '081558097080', 4),
(75, 'Hollanda Arief Kusuma', '9253', '2018-07-31', 'Ambon', '1989-04-01', 'hollandacocobear@gmail.com', 2017, '19', '3501040104890001', 'Islam', 'Jl. Menteng Jaya Rt. 003/001 Menteng Jakarta Pusat', 1, '085958553254', 11),
(76, 'Husna Assyahara', '9081', '2018-07-12', 'Purworejo', '1997-04-02', 'husnaassyahara29@gmail.com', 2018, '19', '3216064202970019', 'Islam', 'Jl. Merpati I Blok B5 No.7 MJI II Rt. 008/014 Mekarsari Tambun Selatan Bekasi', 2, '085772988827', 5),
(77, 'Huswantoro Anggit PM', '9215', '2018-07-16', 'Bogor', '1989-08-12', 'huswantoro.anggitpm@gmail.com', 2014, '19', '3201031208890005', 'Islam', 'Griya Persada Blok K 14 Rt. 005/004 Karang Asem Barat Citeureup', 1, '081297414545', 5),
(78, 'Iis Sugiarti', '9236', '2018-07-27', 'Ngawi', '1993-11-12', 'iis.sugiono12@gmail.com', 2017, '19', '3521085211930001', 'Islam', 'Tungkul Rejo Rt. 002/002 Tungkul Rejo Padas - Ngawi', 2, '081585077377', 7),
(79, 'Ika Rosalika', '9121', '2018-07-13', 'Purwakarta', '1990-05-18', 'ikarosalika@gmail.com', 2017, '49', '3276025805900009', 'Islam', 'Perum Persada Depok Blok A4/11 RT 001 RW 018. Desa Cimpaeun, Tapos', 2, '081296817682', 8),
(80, 'Ilham Sulaeman', '9023', '2018-07-12', 'Bogor', '1994-10-18', 'ilhamsulaeman25@yahoo.com', 2017, '14', '3201011810940005', 'Islam', 'Lingkungan 1 Ciriung Rt.002/003 Ciriung Cibinong', 1, '08111194108', 5),
(81, 'Imam Prayogo', '9216', '2018-07-16', 'Demak', '1989-04-28', 'prayogoimam21@gmail.com', 2017, '19', '3275032804890020', 'Islam', 'Tytyan Kencana Blok K 2/10 Rt. 005/006 Marga Mulya Bekasi Utara', 1, '081295497248', 5),
(82, 'Iman Apriana', '9119', '2015-04-07', 'Bogor', '1988-04-08', 'imanapriana23@gmail.com', 2010, '25', '3201010804880009', 'Islam', 'Dian Asri 2 Blok D5 No. 17 RT 04/15 Kel. Pabuaran Kec. Cibinong Kab. Bogor', 1, '085780032486', 5),
(83, 'Indra Adrianus', '9030', '2018-07-12', 'Bandung', '1992-05-08', 'indradrianus@gmail.com', 2017, '19', '3273230805920001', 'Kristen', 'Jl. Santosa Asih IV No. 5 Rancasari Bandung', 1, '081214664935', 5),
(84, 'Indra Budi Darma', '9117', '2015-04-07', 'Jakarta', '1987-06-28', 'indratelcbn@gmail.com', 2010, '19', '3201012806870005', 'Islam', 'Cikaret Rt. 003/008 Harapan Jaya', 1, '085813791191', 5),
(85, 'Indra Suryatna', '9089', '2015-04-10', 'Bogor', '1987-10-19', 'suryaindra.big@gmail.com', 2013, '22', '3201011910870002', 'Islam', 'Nanggewer Mekar Rt.003/003 Cibinong', 1, '082112656658', 4),
(86, 'Indriani Lestari', '9020', '2013-07-03', 'Bogor', '1980-01-02', 'ilestari2005@yahoo.com', 2013, '47', '3201014201800011', 'Islam', 'Komplek Bakosurtanal No.50 RT 002 RW 009, Pabuaran, Cibinong', 2, '081380811282', 2),
(87, 'Irma Nurlayasari', '9201', '2018-07-13', 'Cililin', '1990-10-07', 'irmanurlayasari@gmail.com', 2017, '42', '3217114710900005', 'Islam', 'Kp. Pasir Kadu RT 001/008 Kel. Mukapayung, Cililin, Bandung Barat', 2, '087821556375', 10),
(88, 'Irwansyah', '9051', '2015-04-06', 'Bogor', '1991-12-14', 'irwan8188@gmail.com', 2012, '25', '3201011412910015', 'Islam', 'Kp. Bedahan RT 09/01 Kel. Pabuaran Kec. Cibinong Kab. Bogor', 1, '082260974868', 4),
(89, 'Irwansyah', '9088', '2015-04-10', 'Bogor', '1991-12-14', 'irwan8188@gmail.com', 2012, '25', '3201011412910015', 'Islam', 'Kp. Bedahan RT 09/01 Kel. Pabuaran Kec. Cibinong Kab. Bogor', 1, '082260974868', 4),
(90, 'Ismiarni Pratitis Nuladani', '9237', '2018-07-27', 'Sleman', '1992-07-02', 'ismiarni@gmail.com', 2017, '19', '3404014207920002', 'Islam', 'Biru Rt. 003/030 Trihanggo Gamping Sleman DIY', 2, '087738305890', 7),
(91, 'Istighfary Abirama Cininta', '9206', '2018-07-13', 'Semarang', '1993-12-16', 'istighfaryabirama@gmail.com', 2017, '49', '3374155612930003', 'Islam', 'Jl. Gatot Subroto 633 RT 002/005, Kali Pancur, Ngaliyan, Semarang', 2, '081327162903', 10),
(92, 'Ita Margasari', '9222', '2018-07-13', 'Karanganyar', '1993-08-24', 'ita.margasari@gmail.com', 2017, '49', '3313056408930003', 'Islam', 'Moyoretno RT 001 RW 007 Matesih, Karanganyar', 2, '081215823023', 10),
(93, 'Jejen', '9079', '2015-04-14', 'Bogor', '1980-03-14', 'jejenqinoy1234@gmail.com', 2012, '28', '3201121403800002', 'Islam', 'Kp. Nagrog RT 06/06 Kel. Tegal Kec. Kemang Kab. Bogor', 1, '081219444790', 4),
(94, 'Jessica Nathania', '9181', '2018-07-13', 'Jakarta', '1996-01-23', 'jessicanathaniadalmanik@gmail.com', 2018, '52', '3671096301960006', 'Kristen', 'Jl.Senopati II No.15 RT 006 RW 017 Uwung Jaya, Cibodas, Tangerang', 2, '082137303642', 7),
(95, 'Jiyah', '9134', '2018-07-13', 'Pati', '1994-10-22', 'jiyahgeodet2@gmail.com', 2017, '6', '3318056210940001', 'Islam', 'Pucakwangi Rt.002/003, Desa Pucakwangi, Kec. Pucakwangi, Kab. Pati, Prov. Jateng', 2, '089647852902', 8),
(96, 'Joko Susilo', '9102', '2015-04-08', 'Serang', '1975-12-27', 'fadilbebeh123@gmail.com', 2008, '36', '3201012712750003', 'Islam', 'Kp. Cikempong Rt. 002/005 Pakansari Cibinong', 1, '087839862293', 4),
(97, 'Juhans', '9220', '2018-07-16', 'Jakarta', '1994-06-20', 'juhansju@gmail.com', 2018, '19', '3175092006940008', 'Islam', 'Blok Duku Rt. 006/010 Cibubur Ciracas Jakarta ', 1, '089638877308', 8),
(98, 'Kardinata', '9105', '2015-04-07', 'Padang', '1976-02-10', 'kardichaniago76@gmail.com', 2014, '35', '3276011002760009', 'Islam', 'Kp. Lio Kel. Depok Kec. Pancoran Mas Kota Depok', 1, '082139677371', 4),
(99, 'Kunto Wibisono', '9040', '2018-07-12', 'Bogor', '1994-07-14', 'kuntowibisono03@gmail.com', 2018, '12', '3201011407940006', 'Islam', 'Komplek Bakosurtanal No.63 Rt. 003/005 Ciriung Cibinong Bogor', 1, '081315025051', 5),
(100, 'Kusriyanto', '9005', '2018-07-12', 'Kebumen', '1977-09-27', 'toingac@gmail.com', 2010, '34', '3201012709770003', 'Islam', 'Kp. Kandang RT.002/006 Kel. Pakansari Kec. Cibinong-Bogor', 1, '081315418242', 4),
(101, 'Lilis Puspitasari', '9138', '2018-07-13', 'Bantul', '1996-04-30', 'lilispuspitasari1@gmail.com', 2018, '59', '3402017004960001', 'Islam', 'DK.IV Proketen, Rt. 023, Kel. Trimurti, Srandakan, Kab. Bantul, Prov. yogyakarta', 2, '082137004240', 7),
(102, 'Ludmila Elfrida R. Benge', '9200', '2018-07-13', 'Ende', '1993-09-16', 'elfrida.ludmila@gmail.com', 2017, '5', '5308205609930002', 'Katolik', 'Jl. Gatot Subroto RT 024/012 Mautapaga, Ende Timur', 2, '085320322266', 12),
(103, 'Lukman Arifin', '9063', '2018-07-12', 'Gunung kidul', '1990-12-01', 'indomapping@gmail.com', 2017, '19', '3403090112900001', 'Islam', 'Jetis Rt.002/005 Ngipak Karangmojo Gunung Kidul', 1, '081904020265', 5),
(104, 'Luthfia Nuraini Rahman', '9217', '2018-07-16', 'Yogyakarta', '1987-06-29', 'luthfia.rahman87@gmail.com', 2018, '15', '1701056906870002', 'Islam', 'Villa Bogor Indah Blok DD 6 No. 25', 2, '081294956123', 5),
(105, 'M. Suyitno', '9123', '2018-07-13', 'Banyumas', '1994-06-30', 'dimitry.suyitno@gmail.com', 2017, '47', '3302053006940004', 'Islam', 'Kaliwedi RT 001 RW 005, Kebasen, Banyumas', 1, '085222234106', 8),
(106, 'Madsari', '9108', '2015-04-07', 'Bogor', '1990-02-28', 'madbanon129@gmail.com', 2014, '29', '3271052802900002', 'Islam', 'Jl. Dalurung I No. 23 Rt. 003/007 Kel. Bantar Jati Kec. Bogor Utara Kota Bogor', 1, '085691817320', 4),
(107, 'Mahrusah Ahmad Khoiruddin', '9067', '2018-07-12', 'Jombang', '1992-04-29', 'mahrusah.ussa@gmail.com', 2018, '17', '3517036904920003', 'Islam', 'Jl. Raung Kauman Ngoro Jombang Rt. 002/001', 2, '085649318345', 5),
(108, 'Masri', '9100', '2015-04-06', 'Bima', '1963-01-05', 'masriarsyad@gmail.com', 2009, '37', '3201010501630001', 'Islam', 'Kp. Curug Rt.001/012 Pakansari Cibinong ', 1, '081316324951', 4),
(109, 'Masrurodin', '9084', '2015-04-07', 'Padmosari', '1979-03-04', 'masrurodin79@gmail.com', 2007, '28', '3201010403790008', 'Islam', 'Kamp. Sarimulya RT 02/08 Kel. Pakansari Kec. Cibinong Kab. Bogor', 1, '081316695979', 4),
(110, 'Maulana Amin Putra', '9254', '2018-07-31', 'Pemalang', '1993-04-20', 'maulanaminputra@gmail.com', 2017, '19', '3327092004930015', 'Islam', 'BTN Songgo Indah Blok D.5 Rt. 001/007 Kaligelang Pemalang', 1, '081379264406', 7),
(111, 'Mawarwati Diah', '9152', '2018-07-13', 'Sleman', '1993-10-16', 'diah.mwrwt@gmail.com', 2018, '49', '3302125610930003', 'Islam', 'Kedungrandu RT 005 RW 002 Kedungrandu, Patikraja, Banyumas', 2, '081215979993', 7),
(112, 'Mazazatu Rosyada', '9161', '2018-07-12', 'Pekalongan', '1992-06-24', 'mazazaturosyada24061992@gmail.com', 2017, '19', '3326126406920002', 'Islam', 'DK. Logaten Utara Rt. 007/004 Rowokembu Wonopringgo  Pekalongan', 2, '085640001667', 5),
(113, 'Mifa Yaumil Ihsani', '9249', '2018-07-31', 'Bekasi', '1994-02-11', 'mifayaumilihsani@gmail.com', 2018, '19', '3205385102940001', 'Islam', 'Kp. CAngkudu Rt. 001/002 Galihpakuwon - Balubur Limbangan - Garut', 2, '082120176503', 10),
(114, 'Miftahul Jannah', '9126', '2018-07-13', 'Jakarta', '1994-11-03', 'miftahuljnah@gmail.com', 2018, '49', '3174094311940001', 'Islam', 'Jl. Pinding Ciganjur RT 001 RW 001, Cipedak, Jagakarsa, Jakarta', 2, '081297175532', 8),
(115, 'Miliana Mufti', '9065', '2018-07-12', 'Bogor', '1996-07-06', 'milianamufti38@gmail.com', 2018, '32', '3201014607960002', 'Islam', 'Jl. Kesadaran Cikempong Rt. 006/005 Pakansari Cibinong', 1, '081291986212', 5),
(116, 'Mohamad Eksan', '9031', '2018-07-12', 'Nganjuk', '1991-01-09', 'mohamadeksan01@gmail.com', 2017, '25', '3518160901910005', 'Islam', 'Perum Qoryatul Salam Sani Blok G/4 RT 08/05 Kel. Tirtajaya Kec. Sukmajaya Kota Depok', 1, '085779299636', 3),
(117, 'Mohamad Reza Abdillah', '9153', '2018-07-13', 'Bandung', '1995-07-22', 'mohamadrezaabdillah@gmail.com', 2018, '49', '3275012207950007', 'Islam', 'Jl. Teluk Angsan Rawa No. 88 RT 001 RW 003, Bekasi Jaya, Bekasi Timur', 1, '085216928180', 7),
(118, 'Mufid Damar Pidekso', '9024', '2018-07-12', 'Pemalang', '1994-08-18', 'mufiddamar@gmail.com', 2017, '49', '3327091808940005', 'Islam', 'Beji RT 01/11 Kel. Beji Kec. Taman Kab. Pemalang ', 1, '085727779875', 5),
(119, 'Muh. Ramadhani Marfatah', '9043', '2018-07-12', 'Bogor', '1994-02-24', 'donimrm@gmail.com', 2017, '19', '3201012402940004', 'Islam', 'Jl. H.M.Toha No.22 Cikaret Rt. 005/011 HArapan Jaya Cibinong', 1, '081233585700', 5),
(120, 'Muhamad Bambang Suwahyuono', '9025', '2018-07-12', 'Bogor', '1992-06-21', 'muhamadbambang27@gmail.com', 2017, '49', '3201012006920006', 'Islam', 'Jl. Jambu Dian Asri 2 Blok C7 No. 27 RT 02/08 Kel. Pabuaran Kec. Cibinong Kab. Bogor', 1, '081914333431', 5),
(121, 'Muhamad Faqih Hidayatullah', '9026', '2018-07-12', 'Cirebon', '1993-01-10', 'faqihhidayatullah10@gmail.com', 2017, '10', '3209191001930008', 'Islam', 'Blok Blosongan Rt.004/002 Setu Wetan - Weru Cirebon', 1, '087829333445', 5),
(122, 'Muhamad Nurdinansa', '9235', '2018-07-27', 'Madiun', '1994-02-19', 'nurdin.xfeou@gmail.com', 2017, '19', '3519091902940001', 'Islam', 'Jl. Branjangan Gg. II/b Rt. 029/008 Jiwan - Madiun', 1, '085334105400', 7),
(123, 'Muhammad Aldin Yusfan', '9208', '2018-07-13', 'Klaten', '1992-03-11', 'ma@yusfan.com', 2017, '49', '3310181103920004', 'Islam', 'Jetis RT 006/003 Tarubasan, Karanganom, Klaten', 1, '08112010684', 10),
(124, 'Mujiyono', '9096', '2015-04-08', 'Purworejo', '1966-09-07', 'mmujiyono6@gmail.com', 2008, '31', '3201010709660003', 'Islam', 'Padurenan RT.006/009 Kel. Pabuaran Kec. Cibinong-Bogor', 1, '081282866274', 4),
(125, 'Nadhiya Destiani Mahdiyyah', '9240', '2018-07-31', 'Cirebon', '1995-12-19', 'mahdiyyah1995@gmail.com', 2018, '19', '3274045912950003', 'Islam', 'Astanagarib Selatan No. 45 Rt.001/007 Pekalipan Cirebon', 2, '081313452519', 10),
(126, 'Narendra Sava Hanung', '9205', '2018-07-13', 'Kebumen', '1993-03-30', 'savahanung11@gmail.com', 2017, '63', '3305103003930003', 'Islam', 'Mekarsari Rt.001/002, Kel. Mekarsari, Kec. Kutowinangun, Kebumen', 1, '081226461716', 10),
(127, 'Nastiti Rachma Desfitiany', '9151', '2018-07-13', 'Yogyakarta', '1993-12-15', 'desfitianynastiti@gmail.com', 2018, '49', '3471095512930001', 'Islam', 'Perum Pesona Merapi Blok A-46 RT 004 RW 026, Sinduharjo, Ngaglik, Sleman', 2, '081290137152', 7),
(128, 'Nisfu Naharil Mufarikah', '9202', '2018-07-13', 'Ponorogo', '1993-09-17', 'nisfunm@gmail.com', 2017, '5', '3502185709930002', 'Islam', 'Dukuh Karang Anyar RT 001/001, Ngrupit, Jenangan, Ponorogo', 2, '082227934650', 12),
(129, 'Nitya Silvarera', '9224', '2018-07-13', 'Padang', '1994-04-20', 'nityasilfarera3@gmail.com', 2017, '49', '3277036004940001', 'Islam', 'Jl. Cihanjuang Gg. Atib RT 005 RW 011, Cibabat, Cimahi Utara', 2, '081223209203', 10),
(130, 'Novan Dwiky Adimas', '9027', '2018-07-12', 'Yogyakarta', '1992-11-30', 'novandwiad@gmail.com', 2017, '49', '3404073011920003', 'Islam', 'Babrik Setan RT 03/43 Kel. Maguwoharjo Kec. Depok Kab. Sleman Yogyakarta', 1, '082324670506', 5),
(131, 'Nuardi Dwi Pradipta', '9062', '2018-07-12', 'Bandung', '1992-01-17', 'nuardidwipradipta@gmail.com', 2017, '49', '3305151701920002', 'Islam', 'Dk. Srepeng RT 03/02 Kel. Candiwulan Kec. Adimulyo Kab. Kebumen', 1, '085292910311', 5),
(132, 'Nur Itsnaini', '9132', '2018-07-13', 'Jakarta', '1994-07-18', 'nuritsnn@gmail.com', 2017, '55', '3275085807940008', 'Islam', 'Kp. cibening Rt.003/02, Kel. JatiBening, Kec. Pondokgede, Kota Bekasi, Jabar', 2, '081293991315', 8),
(133, 'Nurdin', '9098', '2015-04-07', 'Bogor', '1970-08-08', 'mn921591@gmail.com', 2008, '31', '3201010808700002', 'Islam', 'Gg. Swadaya Cikaret RT.003/001 Kel. Harapanjaya Kec. Cibinong Kab. Bogor', 1, '087870603920', 4),
(134, 'Nurul Agustina', '9232', '2018-07-27', 'Gunung Kidul', '1993-08-19', 'nurul.agustina@gmail.com', 2017, '19', '3403055908930001', 'Islam', 'Grogol Rt. 003/001 Grogol - Paliyan - Gunung Kidul', 2, '085292700637', 11),
(135, 'Octa Apriliana', '9001', '2013-08-20', 'Bogor', '1990-04-08', 'octa.apriliana@gmail.com', 2013, '25', '3201014804900007', 'Islam', 'Kompleks Bakosurtanal Blok D4 No. 17 RT 06/11 Kel. Pabuaran Kec. Cibinong Kab. Bogor', 2, '0087781978025', 4),
(136, 'Panji Pratama Putra', '9243', '2018-07-31', 'Jakarta', '1992-07-06', 'panjiabdull@gmail.com', 2018, '19', '3174010607920003', 'Islam', 'Tebet Dalam IV Gg. Keamanan III No. 101 Rt. 015/ 001 Tebet Barat Jakarta', 1, '081226325953', 10),
(137, 'Prama Ardha Aryaguna', '9177', '2018-07-13', 'Semarang', '1991-03-08', 'pra.ardha@gmail.com', 2018, '4', '3308100803910001', 'Islam', 'Perum Lemabah Asri C4 Mantenan, Rt.007/001, Kel. Mertoyudan, Kec. Mertoyudan, Kab. Magelang', 1, '085607727297', 7),
(138, 'Pratiwi Dwi Suhanti', '9141', '2018-07-12', 'Bogor', '1992-03-03', 'pratiwi.suhanti@gmail.com', 2016, '25', '320101430392004', 'Islam', 'Lingkungan Harum Manis No.72 Rt. 003/002 Cirimekar Cibinong', 2, '081298307440', 4),
(139, 'Pravina Pasha Hutami', '9064', '2018-07-12', 'Bogor', '1992-03-12', 'vina.hutami@gmail.com', 2018, '32', '3201015203920001', 'Islam', 'Puri Alam Kencana Blok K1 No. 12 RT 02/07 Kel. Nanggewer Mekar Kec. Cibinong Kab. Bogor', 2, '085694172892', 5),
(140, 'Puji Nurhidayah', '9199', '2018-07-13', 'Bantul', '1993-08-20', 'pujinhidayah@gmail.com', 2017, '67', '3402016008930002', 'Islam', 'K X Pedak, Rt.65, Kel. Trimuri, Kec. Srandakan, Kab. Bantul', 2, '081229771710', 10),
(141, 'Puspa Kusumawardani', '9184', '2018-07-13', 'Majalengka', '1993-01-24', 'kusumawardanipuspa@gmail.com', 2017, '8', '3201296401930006', 'Islam', 'Jl. Bukit Asam Ujung No. 25, Rt.001/008 Kel. laladon, Kec. Ciomas, Kab. Bogor', 2, '082328984484', 7),
(142, 'Putri Azizah', '9194', '2018-07-13', 'Sumenep', '1995-07-06', 'putriazizah6795@gmail.com', 2018, '41', '3529014607950009', 'Islam', 'Bumi Sumekar asri blok VV.07 RT 002/010, Kolor, Kota Sumenep', 2, '087805560907', 10),
(143, 'Qomaruddin', '9250', '2018-07-31', 'Demak', '1993-10-02', 'qomaruddin.rn@gmail.com', 2018, '19', '3321030210930002', 'Islam', 'Trimulyo Rt.003/006 Trimulyo - Guntur - Demak', 1, '082244708802', 10),
(144, 'R. Muhamad Dendi', '9135', '2018-07-12', 'Bogor', '1981-07-01', 'muhamad.dendi1981@gmail.com', 2016, '28', '3271030107810001', 'Islam', 'Babakan Gunung Gede RT.002/001 Kel. Babakan Kec. Bogor Tengah Kota Bogor', 1, '081383337967', 4),
(145, 'Rani Handayani', '9185', '2018-07-13', 'Bandung', '1992-12-07', 'ranih992@gmail.com', 2017, '48', '3204274712920002', 'Islam', 'Kp. Miji RT 003 RW 004 Tanjunglaya, Cikancung,Kab. Bandung, Jawa Barat', 2, '08119589686', 11),
(146, 'Regi Sri Pujianti', '9175', '2018-07-13', 'Bogor', '1996-03-19', 'rspujianti@gmail.com', 2014, '47', '3271035903960005', 'Islam', 'Jl. Abesin No.71 RT 002 RW 003, Cibogor, Bogor, Tengah', 2, '082311711986', 7),
(147, 'Ridho Aji Purnomo', '9015', '2018-07-12', 'Yogyakarta', '1993-04-22', 'adjiepurnomo93@gmail.com', 2017, '49', '3404012204930001', 'Islam', 'Perum Baleasri RT 04/046 Kel. Balecatur Kec. Gamping Kab. Sleman Yogyakarta', 1, '0895800000000', 5),
(148, 'Rika Mandhega', '9032', '2018-07-12', 'Purworejo', '1991-06-07', 'rikamandhega@gmail.com', 2017, '18', '3306064706910003', 'Islam', 'Jl. Urip Sumoharjo No.106 Rt.003/009 Purworejo Jawa Tengah', 2, '081392510889', 3),
(149, 'Ririn Indahyani', '9246', '2018-07-31', 'Probolinggo', '1994-01-08', 'ririnz.indah@gmail.com', 2018, '19', '3574014801940001', 'Islam', 'Jl. Sukun Rt.003/002 Ketapang Kademangan Probolinggo', 2, '082121487289', 10),
(150, 'Riska Pratiwi', '9196', '2018-07-13', 'Tanjungpandan', '1996-03-23', 'na.rpratiwi@gmail.com', 2018, '49', '1902016303960006', 'Islam', 'Jl. Jend.Sudirman RT 004/002 Perawas, Tanjung Pandan, Belitung', 2, '087713491090', 10),
(151, 'Risty Khoirunisa', '9137', '2018-07-13', 'Jakarta', '1994-03-10', 'risty.khoirunisa@gmail.com', 2018, '46', '3174025003940001', 'Islam', 'Jl. Poncol Jaya No.19 RT 008 RW 005, Kel. Kuningan Barat, Mampang Prapatan, Jakarta', 2, '082242466541', 8),
(152, 'Romario Santoso', '9207', '2018-07-13', 'Nganjuk', '1994-08-10', 'saintromario@gmail.com', 2017, '62', '3518081008940002', 'Kristen', 'Jl. Supriyadi 56, Rt.001/005 Kel. Kudu, Kec. Kertosono, Kab. Nganjuk', 1, '082245435362', 10),
(153, 'Rosita Andari Eka Putri', '9197', '2018-07-13', 'Jember', '1994-03-17', 'rositaandari@gmail.com', 2018, '19', '3509115703940003', 'Islam', 'Dusun Karang Sono, Tanjung Rejo Rt. 002/005 Jember', 2, '082221470139', 10),
(154, 'Saiful', '9013', '2018-07-12', 'Bogor', '1989-08-02', 'saiful.big@gmail.com', 2013, '25', '3201010208890008', 'Islam', 'Jl. HM. Asyari RT 01/08 Kel. Cibinong Kec. Cibinong Kab. Bogor', 1, '083811913003', 3),
(155, 'Saipul Anwar', '9004', '2018-07-12', 'Bekasi', '1987-04-02', 'saipulanwara3@gmail.com', 2016, '28', '3175090204870002', 'Islam', 'Pekayon RT.005/004 Kel. Pekayon Kec. Pasar Rebo Jakarta Timur', 1, '085697076346', 4),
(156, 'Salwa Tamsil', '9221', '2018-07-16', 'Bogor', '1986-08-19', 'arq.salwa@gmail.com', 2011, '13', '320191908860004', 'Islam', 'Puri Matahari Persada Taman Kedoman 3 Blok G No. 11 Rt. 005/ 010 Ciomas', 1, '08111122544', 3),
(157, 'Sandya Trivani', '9218', '2018-07-16', 'Probolinggo', '1992-06-20', 'sandyatri20@gmail.com', 2018, '12', '3274016006920001', 'Islam', 'Jl. Brantas No.237 Rt. 001/002 Pohsangit Kidul Kademangan Probolinggo', 2, '082142170735', 8),
(158, 'Setia Nita', '9122', '2015-04-07', 'Bogor', '1988-09-01', 'nitta9188@gmail.com', 2016, '32', '3201014109880004', 'Islam', 'Blok Ringkem Rt. 004/002 Cibinong', 2, '083811674477', 4),
(159, 'Shella Prahasti', '9156', '2018-07-13', 'Kebumen', '1995-07-25', 'sprahasti@gmail.com', 2017, '44', '3305156507950002', 'Islam', 'Wojosari Rt.001/001, Kel. Wojosari, Kec. Adimulyo, Kab. Kemumen', 2, '082138608284', 2),
(160, 'Silvia Putri Dianti', '9109', '2018-07-12', 'Madiun', '1997-03-19', 'silviaputri2260@gmail.com', 2018, '49', '3201016303970001', 'Islam', 'Perum Bumi Karadenan Permai Blok H No. 01 RT 02/17 Kel. Karadenan Kec. Cibinong Kab. Bogor', 2, '087770978771', 5),
(161, 'Sirun', '9106', '2015-04-07', 'Kebumen', '1973-01-04', 'sirunok59@gmail.com', 2009, '29', '3201010401730006', 'Islam', 'Lingkungan 02 Citatah Dalam RT.008/013 Kel. Ciriung Kec.Cibinong-Bogor', 1, '087884268535', 4),
(162, 'Siti Zahrotunisa', '9148', '2018-07-13', 'Sleman', '1995-05-20', 'siti.zahrotunisa95@gmail.com', 2018, '53', '3404136005950001', 'Islam', 'Niron, RT 002 RW 020, Kel. Pandowoharjo, Kec. Sleman, Yogyakarta', 2, '081329431987', 7),
(163, 'Sozanolo Ndruru', '9210', '2018-07-16', 'Tetegeo Na\'ai', '1988-02-08', 'ozan88aqua@gmail.com', 2017, '21', '1207060802880003', 'Kristen', 'Jl. Namorambe Gg. KArona Dusun IV Desa Deli Tua', 1, '081376993723', 10),
(164, 'Subadri Ali', '9118', '2015-04-07', 'Bogor', '1990-12-25', 'subadriali90@gmail.com', 2010, '2', '3201012512900011', 'Islam', 'Kp. Pondok Manggis RT.002/004 Kel. Bojongbaru Kec.Bojonggede-Bogor', 1, '085777201155', 5),
(165, 'Suhandi', '9080', '2016-01-20', 'Bogor', '1975-05-15', 'suhandiwandi155@gmail.com', 2015, '28', '3201121505750002', 'Islam', 'Kp. Situ RT 05/03 Kel. Pabuaran Kec. Kemang Kab. Bogor', 1, '0895601340559', 4),
(166, 'Sulton Amil Muhammad', '9252', '2018-07-31', 'Bangkulu', '1993-06-27', 'sulton.amil@gmail.com', 2018, '19', '3275022706930010', 'Islam', 'Jl. Asem Gede Timur No. 9 Rt. 008/005 Utan Kayu Selatan Matraman', 1, '085697301871', 10),
(167, 'Supriyadi', '9143', '2018-07-12', 'Bogor', '1978-05-05', 'supriyadipklp@gmail.com', 2015, '28', '3201010505780018', 'Islam', 'Jl. Guru Suma RT.003/001 Kel. Cibinong Kec. Cibinong-Bogor', 1, '0877707595859', 4),
(168, 'Suryo Wijokongko', '9076', '2018-07-12', 'Bogor', '1994-02-19', 'suryowijokongko@gmail.com', 2018, '49', '3201011902940012', 'Islam', 'Komplek Bakosurtanal No.54 RT 03/05 Kel. Ciriung Kec. Cibinong Kab. Bogor', 1, '082261073664', 5),
(169, 'Tika Dwi Permatasari', '9223', '2018-07-31', 'Lebak, Banten', '1994-07-27', 'tikapermata27@gmail.com', 2018, '19', '3602146707940004', 'Islam', 'Jl. Sentral Rt. 001/004 Rangkas Bitung Barat - Rangkas Bitung', 2, '085777370360', 10),
(170, 'Tiya Trisnawati', '9116', '2018-07-13', 'Bandung', '1994-10-08', 'tiyatrisnawatiya@gmail.com', 2017, '42', '3204335008940001', 'Islam', 'Kp. Saparako Rt 03/05 Desa Majalaya, Kec. Majalaya, Kab. Bandung, Jabar', 2, '089653840315', 1),
(171, 'Tri Raharjo', '9125', '2015-09-03', 'Bantul', '1987-05-06', 'tri.pgsp@gmail.com', 2011, '20', '3402090605870001', 'Islam', 'Gadungan Pasar RT 01 Kel. Canden Kec. Jetis Kab. Bantul Yogyakarta', 1, '085292092273', 5),
(172, 'Tri Widiyastuti', '9176', '2018-07-13', 'Palembang', '1991-10-09', 'triwidiya@gmail.com', 2017, '47', '1871014910910001', 'Islam', 'Jl. Kayu Manis No. 35 LK III RT 003 Desa Sepang Jaya, Labuhan Ratu, Lampung', 2, '081298766146', 7),
(173, 'Upi Jayanti Mandasari', '9110', '2015-04-08', 'Bogor', '1991-06-20', 'upijayanti91@gmail.com', 2011, '32', '3201016006910010', 'Islam', 'KAumpandak Rt. 001/009 Karadenan Cibinong', 2, '089501540285', 4),
(174, 'Usman', '9086', '2015-04-06', 'Bogor', '1983-11-04', 'usmanarss197@gmail.com', 2009, '31', '320101040380011', 'Islam', 'Kp. Cikempong RT.003/005 Kel. Pakansari Kec. Cibinong-Bogor', 1, '085219323383', 4),
(175, 'Vinsensia Silviani Hutagaol', '9195', '2018-07-13', 'Sidakalang', '1992-04-18', 'vinsensiasilviani@gmail.com', 2018, '49', '1211015804920001', 'Katolik', 'Jl. Hasomah No.09 Sidikalang, Dairi, Sumatera Utara', 2, '082135896632', 10),
(176, 'Wahyudi', '9090', '2015-04-10', 'Bogor', '1982-09-20', 'wahyudi.yudidz@gmail.com', 2014, '25', '3201012009820009', 'Islam', 'Lingkungan Sampora RT 02/04 Kel. Cibinong Kec. Cibinong Kab. Bogor', 1, '082112223317', 4),
(177, 'Warsito', '9082', '2015-04-06', 'Banyumas', '1962-12-01', 'titowarsito6@gamail.com', 2012, '28', '3275120112620002', 'Islam', 'Kp. Asem Rt. 003/006 JAti Melati Pondok Melati Pondok Gede Bekasi', 1, '081388387057', 4),
(178, 'Wico Nandianta Mulia', '9164', '2017-10-09', 'Yogyakarta', '1992-08-26', 'wiconandianta@gmail.com', 2017, '40', '3471132608920001', 'Islam', 'Warungboto UH 4/811 RT 30/07 Kel. Warungboto Kec. Umbulharjo Yogyakarta', 1, '085743945913', 5),
(179, 'Widi Hapsari', '9212', '2018-07-13', 'Kudus', '1995-04-24', 'widihapsarii@gmail.com', 2017, '60', '3319036404950001', 'Islam', 'Gg. abimayu 131, Rt.002/001/ Kel. Jati Wetan, Kec. jJati, Kab. Kudus', 2, '085727829391', 10),
(180, 'Widya Pamungkas Putri', '9160', '2018-07-13', 'Probolinggo', '1991-12-28', 'widya.pamungkas.p@gmail.com', 2017, '61', '3513176812910001', 'Islam', 'Dusun Krajan 2, Desa Maron Wetan, Kec. Maron, Kab. Probolinggo, Jatim', 2, '082136914088', 7),
(181, 'Widyanissa Rahmayani', '9239', '2018-07-27', 'Blora', '1994-09-29', 'widyanissa.ugm@gmail.com', 2017, '19', '3201296909940001', 'Islam', 'Taman Pagelaran Blok D 12 No. 4 Rt. 002/011 Padasuka Ciomas', 2, '082298093483', 7),
(182, 'Winda Agustin', '9226', '2018-07-13', 'Purwokerto', '1992-08-26', 'winda.agustin268@gmail.com', 2017, '49', '3329036608920003', 'Islam', 'Krajan I RT 006/001, Kalierang, Bumi Ayu, Brebes', 2, '085272840948', 10),
(183, 'Winda Widiyanti', '9002', '2013-07-03', 'Bogor', '1991-09-14', 'widya.winda@gmail.com', 2013, '43', '3201015409910005', 'Islam', 'Padurenan RT.010/014 Kel. Pabuaran Kec. Cibinong-Bogor', 2, '0085667000428', 6),
(184, 'Yochi Citra Pramesti', '9012', '2013-07-03', 'Bogor', '1987-10-14', 'yochi.citrapramesti@gmail.com', 2010, '19', '3201015410870013', 'Islam', 'Komplek BAkosurtanal No.40 Rt. 003/005 Ciriung  Cibinong ', 2, '08568855415', 5),
(185, 'Yogi Utomo', '9044', '2018-07-12', 'Purworejo', '1990-07-29', 'dge00678@gmail.com', 2017, '49', '3306042907900002', 'Islam', 'Krajan Wetan RT 01/02 Kel. Kemanukan Kec. Bagelen Kab. Purworejo', 1, '085228852202', 5),
(186, 'Yonanta Dwi Hartanto', '9165', '2017-10-17', 'Yogyakarta', '1996-06-24', 'yonantatanto@gmail.com', 2017, '51', '3471072406960001', 'Islam', 'Gampingan WB 1/875 RT 49/11 Kel. Pakuncen Kec. Wirobrajan Yogyakarta', 1, '085643912964', 5),
(187, 'Yuridho Agni Kusuma', '9187', '2018-07-13', 'Bogor', '1993-07-14', 'yuridho.a.kusuma@gmail.com', 2017, '33', '3271041407930010', 'Islam', 'Perum griya Darmaga ASRI Blok H1 No.24, Rt.005/008Kel. Cibanteng, Kec. Ciampea, Kab Bogor', 1, '085781046198', 11),
(188, 'Zaenur Rachman', '9007', '2018-12-07', 'Semarang', '1978-05-20', 'jaenur1978@gmail.com', 2018, '28', '3374062005780003', 'Islam', 'Dayangsari Selatan RT 04/03 Kel. Sendangguwo Kec. Tembalang Kota Semarang', 1, '085640740829', 4),
(189, 'admin', '9006', '2018-12-07', 'Bima', '1983-03-10', 'ipehola@gmail.com', 2014, '28', '3201011003830011', 'Islam', 'Kp. Curug RT.006/012 Kel. Pakansari Kec. Cibinong-Bogor', 1, '081291980497', 4);

-- --------------------------------------------------------

--
-- Table structure for table `unit_kerja_es_1`
--

CREATE TABLE `unit_kerja_es_1` (
  `id_unit_kerja_es_1` int(11) NOT NULL,
  `nama_unit_kerja_es_1` varchar(100) NOT NULL
) ENGINE=InnoDB DEFAULT CHARSET=latin1;

--
-- Dumping data for table `unit_kerja_es_1`
--

INSERT INTO `unit_kerja_es_1` (`id_unit_kerja_es_1`, `nama_unit_kerja_es_1`) VALUES
(1, 'Badan Informasi Geospasial'),
(2, 'Sekretariat Utama'),
(3, 'Deputi Bidang Informasi Geospasial Tematik'),
(4, 'Deputi Bidang Informasi Geospasial Dasar'),
(5, 'Deputi Bidang Infrastruktur Informasi Geospasial');

-- --------------------------------------------------------

--
-- Table structure for table `unit_kerja_es_2`
--

CREATE TABLE `unit_kerja_es_2` (
  `id_unit_kerja_es_2` int(11) NOT NULL,
  `nama_unit_kerja_es_2` varchar(200) NOT NULL,
  `id_unit_kerja_es_1` int(11) NOT NULL
) ENGINE=InnoDB DEFAULT CHARSET=latin1;

--
-- Dumping data for table `unit_kerja_es_2`
--

INSERT INTO `unit_kerja_es_2` (`id_unit_kerja_es_2`, `nama_unit_kerja_es_2`, `id_unit_kerja_es_1`) VALUES
(1, 'Pusat Standardisasi dan Kelembagaan Informasi Geospasial', 5),
(2, 'Pusat Pengelolaan dan Penyebarluasan Informasi Geospasial', 5),
(3, 'Biro Perencanaan, Kepegawaian dan Hukum', 2),
(4, 'Biro Umum dan Keuangan', 2),
(5, 'Pusat Penelitian, Promosi dan Kerja Sama', 2),
(6, 'Inspektorat', 2),
(7, 'Pusat Pemetaan dan Integrasi Tematik', 3),
(8, 'Pusat Pemetaan Tata Ruang dan Atlas', 3),
(9, 'Pusat Jaring Kontrol Geodesi dan Geodinamika', 4),
(10, 'Pusat Pemetaan Rupabumi dan Toponim', 4),
(11, 'Pusat Pemetaan Kelautan dan Lingkungan Pantai', 4),
(12, 'Pusat Pemetaan Batas Wilayah', 4);

-- --------------------------------------------------------

--
-- Table structure for table `unit_kerja_es_3`
--

CREATE TABLE `unit_kerja_es_3` (
  `id_unit_kerja_es_3` int(11) NOT NULL,
  `id_unit_kerja_es_2` int(11) NOT NULL,
  `id_unit_kerja_es_1` int(11) NOT NULL,
  `nama_unit_kerja_es_3` varchar(200) NOT NULL
) ENGINE=InnoDB DEFAULT CHARSET=latin1;

--
-- Dumping data for table `unit_kerja_es_3`
--

INSERT INTO `unit_kerja_es_3` (`id_unit_kerja_es_3`, `id_unit_kerja_es_2`, `id_unit_kerja_es_1`, `nama_unit_kerja_es_3`) VALUES
(1, 1, 5, 'Bidang Standardisasi Penyelenggaraan IG'),
(2, 1, 5, 'Bidang Pengembangan Kelembagaan dan Simpul Jaringan IG'),
(3, 1, 5, 'Bidang Pengembangan SDM dan Industri IG'),
(4, 2, 5, 'Bidang Teknologi Informasi dan Komunikasi Geospasial'),
(5, 2, 5, 'Bidang Pengelolaan Data dan Informasi Geospasial'),
(6, 2, 5, 'Bidang Penyebarluasan IG'),
(7, 3, 2, 'Bagian Perencanaan'),
(8, 3, 2, 'Bagian Hukum'),
(9, 3, 2, 'Bagian Kepegawaian dan Organisasi'),
(10, 4, 2, 'Bagian Keuangan'),
(11, 4, 2, 'Bagian Umum'),
(12, 5, 2, 'Bidang Penelitian'),
(13, 5, 2, 'Bidang Promosi dan Kerjasama'),
(14, 5, 2, 'Balai Pendidikan dan Pelatihan Geospasial'),
(15, 5, 2, 'Balai Layanan Jasa dan Produk Geospasial'),
(16, 7, 3, 'Bidang Pemetaan dan Integrasi Tematik Darat'),
(17, 7, 3, 'Bidang Pemetaan dan Integrasi Tematik Laut'),
(18, 7, 3, 'Bidang Pemetaan Kebencanaan dan Perubahan Iklim'),
(19, 8, 3, 'Bidang Pemetaan Tata Ruang'),
(20, 8, 3, 'Bidang Atlas dan Pemetaan Sosial'),
(21, 8, 3, 'Bidang Pemetaan Dinamika Sumberdaya'),
(22, 9, 4, 'Bidang Jaring Kontrol Horisontal dan Vertikal'),
(23, 9, 4, 'Bidang Jaring Kontrol Gaya Berat dan Pasang Surut'),
(24, 9, 4, 'Bidang Geodinamika'),
(25, 10, 4, 'Bidang Pemetaan Rupabumi Skala Kecil dan Menengah'),
(26, 10, 4, 'Bidang Pemetaan Rupabumi Skala Besar'),
(27, 10, 4, 'Bidang Toponim'),
(28, 11, 4, 'Bidang Pemetaan Kelautan'),
(29, 11, 4, 'Bidang Pemetaan Lingkungan Pantai'),
(30, 12, 4, 'Bidang Pemetaan Batas Negara'),
(31, 12, 4, ' Bidang Pemetaan Batas Wilayah Administrasi');

-- --------------------------------------------------------

--
-- Table structure for table `unit_kerja_es_4`
--

CREATE TABLE `unit_kerja_es_4` (
  `id_unit_kerja_es_4` int(11) NOT NULL,
  `id_unit_kerja_es_1` int(11) NOT NULL,
  `id_unit_kerja_es_2` int(11) NOT NULL,
  `id_unit_kerja_es_3` int(11) NOT NULL,
  `nama_unit_kerja_es_4` varchar(200) NOT NULL
) ENGINE=InnoDB DEFAULT CHARSET=latin1;

--
-- Dumping data for table `unit_kerja_es_4`
--

INSERT INTO `unit_kerja_es_4` (`id_unit_kerja_es_4`, `id_unit_kerja_es_1`, `id_unit_kerja_es_2`, `id_unit_kerja_es_3`, `nama_unit_kerja_es_4`) VALUES
(1, 2, 3, 7, 'Subbagian Penyusunan Rencana Program dan Anggaran'),
(2, 2, 3, 7, 'Subbagian Evaluasi dan Pelaporan'),
(3, 2, 3, 8, 'Subbagian Peraturan Perundang-undangan'),
(4, 2, 3, 8, 'Subbagian Bantuan Hukum'),
(5, 2, 3, 9, 'Subbagian Organisasi dan Tata Laksana'),
(6, 2, 3, 9, 'Subbagian Kepegawaian'),
(7, 2, 3, 9, 'Subbagian Administrasi Jabatan Fungsional');

--
-- Indexes for dumped tables
--

--
-- Indexes for table `jabatan`
--
ALTER TABLE `jabatan`
  ADD PRIMARY KEY (`id_jabatan`);

--
-- Indexes for table `tbl_users`
--
ALTER TABLE `tbl_users`
  ADD PRIMARY KEY (`id_user`);

--
-- Indexes for table `tb_pegawai`
--
ALTER TABLE `tb_pegawai`
  ADD PRIMARY KEY (`id_data_pegawai`);

--
-- Indexes for table `unit_kerja_es_1`
--
ALTER TABLE `unit_kerja_es_1`
  ADD PRIMARY KEY (`id_unit_kerja_es_1`);

--
-- Indexes for table `unit_kerja_es_2`
--
ALTER TABLE `unit_kerja_es_2`
  ADD PRIMARY KEY (`id_unit_kerja_es_2`);

--
-- Indexes for table `unit_kerja_es_3`
--
ALTER TABLE `unit_kerja_es_3`
  ADD PRIMARY KEY (`id_unit_kerja_es_3`);

--
-- Indexes for table `unit_kerja_es_4`
--
ALTER TABLE `unit_kerja_es_4`
  ADD PRIMARY KEY (`id_unit_kerja_es_4`);

--
-- AUTO_INCREMENT for dumped tables
--

--
-- AUTO_INCREMENT for table `jabatan`
--
ALTER TABLE `jabatan`
  MODIFY `id_jabatan` int(11) NOT NULL AUTO_INCREMENT, AUTO_INCREMENT=70;

--
-- AUTO_INCREMENT for table `tbl_users`
--
ALTER TABLE `tbl_users`
  MODIFY `id_user` int(150) NOT NULL AUTO_INCREMENT, AUTO_INCREMENT=2;

--
-- AUTO_INCREMENT for table `tb_pegawai`
--
ALTER TABLE `tb_pegawai`
  MODIFY `id_data_pegawai` int(11) NOT NULL AUTO_INCREMENT, AUTO_INCREMENT=190;

--
-- AUTO_INCREMENT for table `unit_kerja_es_1`
--
ALTER TABLE `unit_kerja_es_1`
  MODIFY `id_unit_kerja_es_1` int(11) NOT NULL AUTO_INCREMENT, AUTO_INCREMENT=6;

--
-- AUTO_INCREMENT for table `unit_kerja_es_2`
--
ALTER TABLE `unit_kerja_es_2`
  MODIFY `id_unit_kerja_es_2` int(11) NOT NULL AUTO_INCREMENT, AUTO_INCREMENT=13;

--
-- AUTO_INCREMENT for table `unit_kerja_es_3`
--
ALTER TABLE `unit_kerja_es_3`
  MODIFY `id_unit_kerja_es_3` int(11) NOT NULL AUTO_INCREMENT, AUTO_INCREMENT=32;

--
-- AUTO_INCREMENT for table `unit_kerja_es_4`
--
ALTER TABLE `unit_kerja_es_4`
  MODIFY `id_unit_kerja_es_4` int(11) NOT NULL AUTO_INCREMENT, AUTO_INCREMENT=8;
COMMIT;

/*!40101 SET CHARACTER_SET_CLIENT=@OLD_CHARACTER_SET_CLIENT */;
/*!40101 SET CHARACTER_SET_RESULTS=@OLD_CHARACTER_SET_RESULTS */;
/*!40101 SET COLLATION_CONNECTION=@OLD_COLLATION_CONNECTION */;
